學年度,代碼,學校名稱,公/私立,縣市名稱,地址,電話,網址,備註
114,10301,國立華僑高級中等學校,公立,[01]新北市,[220]新北市板橋區大觀路一段32號,(02)29684131,http://www.nocsh.ntpc.edu.tw,https://www.nocsh.ntpc.edu.tw/home?cid=621
114,11301,私立淡江高中,私立,[01]新北市,[251]新北市淡水區真理街26號,(02)26203850,http://www.tksh.ntpc.edu.tw,
114,11302,私立康橋高中,私立,[01]新北市,[231]新北市新店區華城路800號,(02)22166000,https://www.kcis.ntpc.edu.tw/_XiugangCampus/,https://www.kcis.ntpc.edu.tw/_XiugangCampus/
114,11306,私立金陵女中,私立,[01]新北市,[241]新北市三重區重新路五段656號,(02)29956776,http://www.glghs.ntpc.edu.tw,https://www.glghs.ntpc.edu.tw/p/412-1000-227.php
114,11307,新北市裕德高級中等學校,私立,[01]新北市,[236]新北市土城區擺接堡路1號,(02)82617889,http://www.yuteh.ntpc.edu.tw/,https://www.yuteh.ntpc.edu.tw/
114,11309,財團法人南山高中,私立,[01]新北市,[235]新北市中和區廣福路41號,(02)22453000,http://www.nssh.ntpc.edu.tw,
114,11310,財團法人恆毅高中,私立,[01]新北市,[242]新北市新莊區中正路108號,(02)29923619,http://www.hchs.ntpc.edu.tw,"https://www.hchs.ntpc.edu.tw/p/406-1000-9878,r13.php"
114,11311,私立聖心女中,私立,[01]新北市,[249]新北市八里區龍米路一段263號,(02)26182287,http://www.shgsh.ntpc.edu.tw,
114,11312,私立崇義高中,私立,[01]新北市,[221]新北市汐止區大同路三段68號,(02)86478000,https://www.tyhs.ntpc.edu.tw/,https://www.tyhs.ntpc.edu.tw/
114,11314,新北市福瑞斯特高中,私立,[01]新北市,[236]新北市土城區城林路2號,(02)22693641,http://www.chsh.ntpc.edu.tw,https://www.chsh.ntpc.edu.tw/ischool/widget/site_news/main2.php?uid=WID_0_2_c5a4b19905482d9d90906b86ce83215d70bc1b5f&maximize=1&allbtn=0
114,11315,私立東海高中,私立,[01]新北市,[241]新北市三重區忠孝路三段93巷12號,(02)29822788,http://www.thhs.ntpc.edu.tw,https://www.thhs.ntpc.edu.tw/
114,11316,私立格致高中,私立,[01]新北市,[241]新北市三重區大智街260號,(02)29855892,http://www.gjsh.ntpc.edu.tw,https://www.gjsh.ntpc.edu.tw/ischool/widget/site_news/main2.php?uid=WID_0_2_858411e49cf3f3df5418ff9115a18f7a6a37f160&maximize=1&allbtn=0
114,11317,私立醒吾高中,私立,[01]新北市,[244]新北市林口區粉寮路一段75巷80號,(02)26012644,http://www.swsh.ntpc.edu.tw,
114,11318,私立徐匯高中,私立,[01]新北市,[247]新北市蘆洲區中山一路1號,(02)22817565,http://www.sish.ntpc.edu.tw,
114,11322,新北市崇光高中,私立,[01]新北市,[231]新北市新店區三民路18號,(02)29112543,https://web.ckgsh.ntpc.edu.tw/nss/p/index,
114,11323,私立光仁高中,私立,[01]新北市,[220]新北市板橋區中山路二段255巷18號,(02)29615161,http://www.kjsh.ntpc.edu.tw,
114,11324,私立竹林高中,私立,[01]新北市,[235]新北市中和區華新街143巷12號,(02)29422128,http://www.clsh.ntpc.edu.tw,"https://www.clsh.ntpc.edu.tw/p/450-1000-3557,c0.php"
114,11325,私立中信高中,私立,[01]新北市,[231]新北市新店區安興路1號,(02)22112581,https://www.ctbc.ntpc.edu.tw/,https://www.ctbc.ntpc.edu.tw/p/412-1000-88.php?Lang=zh-tw
114,11329,財團法人辭修高中,私立,[01]新北市,[237]新北市三峽區溪東路251號,(02)86761277,http://www.tsshs.ntpc.edu.tw,https://www.tsshs.ntpc.edu.tw/p/412-1000-195.php?Lang=zh-tw
114,11330,新北市林口康橋國際高中,私立,[01]新北市,[244]新北市林口區興林路55號,(02)26015888,https://web.kcislk.ntpc.edu.tw/,https://web.kcislk.ntpc.edu.tw/20250522honorstudent_usc/
114,11399,私立時雨高中,私立,[01]新北市,[224]新北市瑞芳區銅山里祈堂路217號,(02)24962217,http://www.syjh.ntpc.edu.tw,
114,11405,私立樹人家商,私立,[01]新北市,[238]新北市樹林區大安路216號,(02)26870391,http://www.stgvs.ntpc.edu.tw,
114,11407,私立復興商工,私立,[01]新北市,[234]新北市永和區秀朗路一段201號,(02)29262121,http://www.fhvs.ntpc.edu.tw,https://www.fhvs.ntpc.edu.tw/
114,11408,私立南強工商,私立,[01]新北市,[231]新北市新店區文化路42號,(02)29155144,http://www.ncvs.ntpc.edu.tw,
114,11413,私立穀保家商,私立,[01]新北市,[241]新北市三重區中正北路560巷38號,(02)29712343,http://www.kpvs.ntpc.edu.tw,https://www.kpvs.ntpc.edu.tw/p/412-1000-424.php
114,11420,私立智光商工,私立,[01]新北市,[234]新北市永和區中正路100號,(02)29432491,https://www.ckvs.ntpc.edu.tw/home,https://www.ckvs.ntpc.edu.tw/ischool/widget/site_news/main2.php?uid=WID_0_2_58573ec0cbcfb0c04cc01add9a93d3a7f9ab4997&maximize=1&allbtn=0
114,11426,私立能仁家商,私立,[01]新北市,[231]新北市新店區文中路53巷10號,(02)29182399,http://www.nrvs.ntpc.edu.tw,
114,11427,私立豫章工商,私立,[01]新北市,[220]新北市板橋區四川路一段391號,(02)29519810,http://www.ycvs.ntpc.edu.tw,
114,11431,私立莊敬工家,私立,[01]新北市,[231]新北市新店區民生路45號,(02)22188956,http://www.jjvs.ntpc.edu.tw,https://www.jjvs.ntpc.edu.tw/data.php?id=13208&tpl=1
114,11432,私立中華商海,私立,[01]新北市,[207]新北市萬里區瑪鋉路15號,(02)24922119,http://www.chmvs.ntpc.edu.tw,https://www.chmvs.ntpc.edu.tw/
114,13303,市立泰山高中,公立,[01]新北市,[243]新北市泰山區辭修路7號,(02)22963625,http://www.tssh.ntpc.edu.tw,"https://www.tssh.ntpc.edu.tw/p/406-1000-9185,r142.php"
114,13304,市立板橋高中,公立,[01]新北市,[220]新北市板橋區文化路一段25號,(02)29602500,http://www.pcsh.ntpc.edu.tw,https://www.pcsh.ntpc.edu.tw/p/403-1000-40.php
114,13335,市立新店高中,公立,[01]新北市,[231]新北市新店區中央路93號,(02)22193700,http://www.htsh.ntpc.edu.tw,https://www.htsh.ntpc.edu.tw/p/412-1000-851.php
114,13336,市立中和高中,公立,[01]新北市,[235]新北市中和區連城路460號,(02)22227146,http://www.chshs.ntpc.edu.tw,https://www.chshs.ntpc.edu.tw/p/403-1000-142-1.php
114,13337,市立新莊高中,公立,[01]新北市,[242]新北市新莊區中平路135號,(02)29912391,http://www.hcsh.ntpc.edu.tw,https://www.hcsh.ntpc.edu.tw/p/404-1000-9291.php
114,13338,市立新北高中,公立,[01]新北市,[241]新北市三重區三信路1號,(02)28577326,http://www.ntsh.ntpc.edu.tw/,https://www.ntsh.ntpc.edu.tw/
114,13339,市立林口高中,公立,[01]新北市,[244]新北市林口區仁愛路二段173號,(02)26009482,http://www.lksh.ntpc.edu.tw,https://www.lksh.ntpc.edu.tw/p/412-1000-339.php
114,13402,市立瑞芳高工,公立,[01]新北市,[224]新北市瑞芳區瑞芳街60號,(02)24972516,https://web.jfvs.ntpc.edu.tw/,https://web.jfvs.ntpc.edu.tw/p/412-1000-756.php?Lang=zh-tw
114,13430,市立三重商工,公立,[01]新北市,[241]新北市三重區中正北路163號,(02)29715606,http://www.scvs.ntpc.edu.tw,https://www.scvs.ntpc.edu.tw/p/412-1000-125.php
114,13433,市立新北高工,公立,[01]新北市,[236]新北市土城區學府路一段241號,(02)22612483,https://www.ntvs.ntpc.edu.tw/,https://www.ntvs.ntpc.edu.tw/p/404-1000-3549.php
114,13434,市立淡水商工,公立,[01]新北市,[251]新北市淡水區商工路307號,(02)26203930,http://www.tsvs.ntpc.edu.tw,https://www.tsvs.ntpc.edu.tw/p/412-1000-736.php
114,14302,市立海山高中,公立,[01]新北市,[220]新北市板橋區漢生東路215號,(02)29517475,http://www.hshs.ntpc.edu.tw,https://www.hshs.ntpc.edu.tw/p/403-1000-143.php
114,14311,市立三重高中,公立,[01]新北市,[241]新北市三重區集美街212號,(02)29760501,https://www3.schs.ntpc.edu.tw/,https://www3.schs.ntpc.edu.tw/p/412-1000-704.php
114,14315,市立永平高中,公立,[01]新北市,[234]新北市永和區永平路205號,(02)22319670,https://www.yphs.ntpc.edu.tw/,https://www.yphs.ntpc.edu.tw/p/404-1000-7455.php
114,14322,市立樹林高中,公立,[01]新北市,[238]新北市樹林區中華路8號,(02)86852011,http://www.slsh.ntpc.edu.tw,https://www.slsh.ntpc.edu.tw/p/404-1000-17031.php
114,14326,市立明德高中,公立,[01]新北市,[237]新北市三峽區中正路二段399號,(02)26723302,http://www.mdhs.ntpc.edu.tw,https://www.mdhs.ntpc.edu.tw/p/428-1000-1.php
114,14332,市立秀峰高中,公立,[01]新北市,[221]新北市汐止區忠孝東路201號,(02)26412134,https://www.sfhs.ntpc.edu.tw/,https://www.sfhs.ntpc.edu.tw/p/403-1000-72.php
114,14338,市立金山高中,公立,[01]新北市,[208]新北市金山區美田里文化二路2號,(02)24982028,http://www.cshs.ntpc.edu.tw,https://www.cshs.ntpc.edu.tw/p/412-1000-710.php?Lang=zh-tw
114,14343,市立安康高中,公立,[01]新北市,[231]新北市新店區安興路25號,(02)22111743,http://www.akhs.ntpc.edu.tw,https://www.akhs.ntpc.edu.tw/p/412-1000-721.php
114,14347,市立雙溪高中,公立,[01]新北市,[227]新北市雙溪區梅竹蹊3號,(02)24931028,http://www.sxhs.ntpc.edu.tw,https://www.sxhs.ntpc.edu.tw/p/403-1000-63.php
114,14348,市立石碇高中,公立,[01]新北市,[223]新北市石碇區隆盛里八分寮45號,(02)26631224,http://www.sdhs.ntpc.edu.tw,https://www.sdhs.ntpc.edu.tw/p/412-1000-773.php
114,14353,市立丹鳳高中,公立,[01]新北市,[242]新北市新莊區龍安路72號,(02)29089627,http://www.dfsh.ntpc.edu.tw/,https://www.dfsh.ntpc.edu.tw/p/426-1000-14.php
114,14356,市立清水高中,公立,[01]新北市,[236]新北市土城區明德路一段72號,(02)22707801,http://www.cssh.ntpc.edu.tw,https://www.cssh.ntpc.edu.tw/p/428-1000-1.php
114,14357,市立三民高中,公立,[01]新北市,[247]新北市蘆洲區三民路96號,(02)22894675,http://www.smsh.ntpc.edu.tw,https://www.smsh.ntpc.edu.tw/p/403-1000-288-1.php
114,14362,市立錦和高中,公立,[01]新北市,[235]新北市中和區錦和路163號,(02)22498566,http://www.jhsh.ntpc.edu.tw,https://www.jhsh.ntpc.edu.tw/p/403-1000-52.php?Lang=zh-tw
114,14363,市立光復高中,公立,[01]新北市,[220]新北市板橋區光環路一段7號,(02)29582366,http://www.gfhs.ntpc.edu.tw/,https://www.gfhs.ntpc.edu.tw/p/403-1000-29.php
114,14364,市立竹圍高中,公立,[01]新北市,[251]新北市淡水區竹林路35號,(02)28096990,https://www.zwhs.ntpc.edu.tw/,https://www.zwhs.ntpc.edu.tw/p/403-1000-23-1.php?Lang=zh-tw
114,14381,市立北大高級中學,公立,[01]新北市,[237]新北市三峽區大義路277號,(02)26742666,http://www.bdsh.ntpc.edu.tw,https://www.bdsh.ntpc.edu.tw/p/412-1000-808.php
114,14399,市立豐珠中學,公立,[01]新北市,[228]新北市貢寮區雞母嶺街6之6號,(02)24903727,https://www.fjjh.ntpc.edu.tw/,https://www.fjjh.ntpc.edu.tw/p/412-1000-727.php
114,14439,市立鶯歌工商,公立,[01]新北市,[239]新北市鶯歌區中正三路154號,(02)26775040,http://www.ykvs.ntpc.edu.tw,https://www.ykvs.ntpc.edu.tw/p/403-1000-232.php
114,14468,市立樟樹國際實中,公立,[01]新北市,[221]新北市汐止區樟樹二路135號,(02)26430686,http://www.ctjhs.ntpc.edu.tw/,https://www.ctjhs.ntpc.edu.tw/p/412-1000-703.php
114,20301,國立蘭陽女中,公立,[02]宜蘭縣,[260]宜蘭縣宜蘭市女中路二段355號,(03)9333819,http://www.lygsh.ilc.edu.tw,https://www.lygsh.ilc.edu.tw/ischool/widget/site_news/main2.php?uid=WID_5_2_b62ebbd69478ce8267fa97f93013a52d9f5591e3&maximize=1&allbtn=1&attr=5
114,20302,國立宜蘭高中,公立,[02]宜蘭縣,[260]宜蘭縣宜蘭市復興路三段8號,(03)9324153,http://www.ylsh.ilc.edu.tw,https://www.ylsh.ilc.edu.tw/ischool/widget/site_news/main2.php?uid=WID_0_2_ef4d53aa2964d44c698200b144e14ac6290f7f2b&maximize=1&allbtn=0
114,20308,國立羅東高中,公立,[02]宜蘭縣,[265]宜蘭縣羅東鎮公正路324號,(03)9567645,https://www.ldsh.ilc.edu.tw/,https://www.ldsh.ilc.edu.tw/p/412-1015-133.php?Lang=zh-tw
114,20403,國立宜蘭高商,公立,[02]宜蘭縣,[260]宜蘭縣宜蘭市延平路50號,(03)9384147,http://www.ilvs.ilc.edu.tw,https://www.ilvs.ilc.edu.tw/ischool
114,20404,國立羅東高商,公立,[02]宜蘭縣,[265]宜蘭縣羅東鎮中山路四段360號,(03)9512875,https://www.ltcvs.ilc.edu.tw/portal,
114,20405,國立蘇澳海事,公立,[02]宜蘭縣,[270]宜蘭縣蘇澳鎮蘇港路213號,(03)9951661,https://www.savs.ilc.edu.tw/home,https://www.savs.ilc.edu.tw/ischool/publish_page/0?cid=1260
114,20407,國立羅東高工,公立,[02]宜蘭縣,[269]宜蘭縣冬山鄉廣興路117號,(03)9514196,https://www.ltivs.ilc.edu.tw/home.php,https://www.ltivs.ilc.edu.tw/p/412-1000-181.php?Lang=zh-tw
114,20409,國立頭城家商,公立,[02]宜蘭縣,[261]宜蘭縣頭城鎮新興路111號,(03)9771131,http://www.tcvs.ilc.edu.tw,https://www.tcvs.ilc.edu.tw/
114,21301,私立慧燈高中,私立,[02]宜蘭縣,[264]宜蘭縣員山鄉協進路88號,(03)9229968,https://web.hdsh.ilc.edu.tw/,https://web.hdsh.ilc.edu.tw/p/412-1000-87.php
114,21310,私立中道高中,私立,[02]宜蘭縣,[263]宜蘭縣壯圍鄉功勞村中央路三段312巷7號,(03)9306696,http://www.cdsh.ilc.edu.tw,https://www.cdsh.ilc.edu.tw/
114,24322,縣立南澳高中,公立,[02]宜蘭縣,[272]宜蘭縣南澳鄉蘇花路二段301號,(03)9981024,http://www.nojh.ilc.edu.tw,https://www.nojh.ilc.edu.tw/
114,24325,縣立慈心華德福實中,公立,[02]宜蘭縣,[269]宜蘭縣冬山鄉照安路257號,(03)9596222,http://www.waldorf.ilc.edu.tw/,https://www.waldorf.ilc.edu.tw/%e6%9c%80%e6%96%b0%e5%85%ac%e5%91%8a/
114,30305,國立中央大學附屬中壢高中,公立,[03]桃園市,[320]桃園市中壢區三光路115號,(03)4932181,http://www.clhs.tyc.edu.tw,https://www.clhs.tyc.edu.tw/home
114,30403,國立北科大附屬桃園農工,公立,[03]桃園市,[330]桃園市桃園區成功路二段144號,(03)3333921,http://www.tyai.tyc.edu.tw,
114,31301,桃園市路亞國際高中,私立,[03]桃園市,[325]桃園市龍潭區中正路佳安段448號,(03)4711388,https://www.lysh.tyc.edu.tw,https://www.lysh.tyc.edu.tw/%e6%a0%a1%e5%8b%99%e5%85%ac%e5%91%8a/
114,31309,桃園市育達高中,私立,[03]桃園市,[324]桃園市平鎮區育達路160號,(03)4934101,https://yd-main.web.app/main,
114,31310,私立六和高中,私立,[03]桃園市,[324]桃園市平鎮區陸光路180號,(03)4204000,https://www.lioho.tw/ischool/publish_page/0/,https://www.lioho.tw/ischool/publish_page/0?cid=4019
114,31311,桃園市復旦高中,私立,[03]桃園市,[324]桃園市平鎮區復旦路二段122號,(03)4932476,https://www.fdhs.tyc.edu.tw/school.htm,
114,31312,桃園市治平高中,私立,[03]桃園市,[326]桃園市楊梅區中興路137號,(03)4823636,http://www.cpshs.tyc.edu.tw/home,https://www.cpshs.tyc.edu.tw/home
114,31313,桃園市振聲高中,私立,[03]桃園市,[330]桃園市桃園區復興路439號,(03)3322605,http://www.fxsh.tyc.edu.tw,https://www.fxsh.tyc.edu.tw/ischool/widget/site_news/main2.php?uid=WID_107_2_b3cd735caf4eeabf6da384087826e4a2a214b93f&maximize=1&allbtn=0
114,31317,私立光啟高中,私立,[03]桃園市,[333]桃園市龜山區自由街40號,(02)82098313,http://www.phsh.tyc.edu.tw,
114,31318,桃園市啟英高中,私立,[03]桃園市,[320]桃園市中壢區中園路447號,(03)4523036,http://web.cyvs.tyc.edu.tw/html/,https://www.cyvs.tyc.edu.tw
114,31319,桃園市清華高中,私立,[03]桃園市,[327]桃園市新屋區中華路658號,(03)4771196,http://www.chvs.tyc.edu.tw,https://www.chvs.tyc.edu.tw/ischool/widget/site_news/main2.php?uid=WID_0_2_779a3305a97957a4ef3b815d3467fe81a166f6ef&maximize=1&allbtn=0
114,31320,桃園市新興高中,私立,[03]桃園市,[334]桃園市八德區永豐路563號,(03)3796996,http://www.hshs.tyc.edu.tw,
114,31323,私立至善高中,私立,[03]桃園市,[335]桃園市大溪區康莊路645號,(03)3887528,http://www.tzsavs.tyc.edu.tw,https://www.lovejs.tw/home
114,31324,桃園市大興高中,私立,[03]桃園市,[337]桃園市大園區永興路142號,(03)3862330,https://www.dxhs.tyc.edu.tw/home,https://www.dxhs.tyc.edu.tw/home
114,31326,私立大華高中,私立,[03]桃園市,[326]桃園市楊梅區三民路二段200號,(03)4820506,http://www.thsh.tyc.edu.tw,https://sites.google.com/twnt5.thsh.tyc.edu.tw/thsh2012/%E9%A6%96%E9%A0%81
114,31414,桃園市世紀綠能工商,私立,[03]桃園市,[333]桃園市龜山區明德路162巷100號,(03)3294187,https://web.cgehs.tyc.edu.tw/,https://web.cgehs.tyc.edu.tw/
114,31415,私立方曙商工,私立,[03]桃園市,[325]桃園市龍潭區中原路一段50號,(03)4796345,https://www.fsvs.tyc.edu.tw/home,https://www.fsvs.tyc.edu.tw/home?cid=208
114,31421,私立永平工商,私立,[03]桃園市,[326]桃園市楊梅區永平路480號,(03)4822464,https://www.ypvs.tyc.edu.tw/,https://www.ypvs.tyc.edu.tw/
114,33302,市立龍潭高中,公立,[03]桃園市,[325]桃園市龍潭區神龍路155號,(03)4792829,http://www.ltsh.tyc.edu.tw/bin/home.php,https://www.ltsh.tyc.edu.tw/bin/home.php
114,33304,市立桃園高中,公立,[03]桃園市,[330]桃園市桃園區成功路三段38號,(03)3946001,http://www.tysh.tyc.edu.tw,https://www.tysh.tyc.edu.tw/ischool/widget/site_news/main2.php?uid=WID_0_2_74f1a2b604fce5e229dca49d8e696ba9792f838e&maximize=1&allbtn=0
114,33306,市立武陵高中,公立,[03]桃園市,[330]桃園市桃園區中山路889號,(03)3698170,http://www.wlsh.tyc.edu.tw,https://www.wlsh.tyc.edu.tw/p/403-1000-65-1.php
114,33316,市立楊梅高中,公立,[03]桃園市,[326]桃園市楊梅區高獅路5號,(03)4789618,http://www.ymhs.tyc.edu.tw/,https://www.ymhs.tyc.edu.tw/ischool/widget/site_news/main2.php?uid=WID_221_2_cb433ea5c913a429e1cb34bda18d5c1a783fd5b6&maximize=1&allbtn=0
114,33325,市立陽明高中,公立,[03]桃園市,[330]桃園市桃園區德壽街8號,(03)3672706,http://www.pymhs.tyc.edu.tw,
114,33327,市立內壢高中,公立,[03]桃園市,[320]桃園市中壢區成章四街120號,(03)4528080,http://www.nlhs.tyc.edu.tw,https://www.nlhs.tyc.edu.tw/home
114,33407,市立中壢高商,公立,[03]桃園市,[320]桃園市中壢區中央西路二段141巷100號,(03)4929871,http://www.clvsc.tyc.edu.tw,
114,33408,市立中壢家商,公立,[03]桃園市,[320]桃園市中壢區德育路36號,(03)4271627,https://www.clvs.tyc.edu.tw/ischool/publish_page/0/,https://www.clvs.tyc.edu.tw/ischool/widget/site_news/main2.php?uid=WID_0_2_2990089e7e3e75483591b973349e3a021f9efd09&maximize=1&allbtn=0
114,34306,市立南崁高中,公立,[03]桃園市,[338]桃園市蘆竹區仁愛路二段1號,(03)3525580,https://www.nksh.tyc.edu.tw/ischool/publish_page/0/,https://www.nksh.tyc.edu.tw/ischool/widget/site_news/main2.php?uid=WID_0_2_b46e865ce149f71b726314964d570c67c3afa2f0&maximize=1&allbtn=0
114,34312,市立大溪高中,公立,[03]桃園市,[335]桃園市大溪區康莊路641號,(03)3878628,http://www.dssh.tyc.edu.tw,https://www.dssh.tyc.edu.tw/ischool/widget/site_news/main2.php?uid=WID_0_2_605e8edccf53481f0d27ca5c5b07547e6b1e7f3f&maximize=1&allbtn=0
114,34314,市立壽山高中,公立,[03]桃園市,[333]桃園市龜山區大同路23號,(03)3501778,http://www.sssh.tyc.edu.tw,https://www.sssh.tyc.edu.tw/
114,34319,市立平鎮高中,公立,[03]桃園市,[324]桃園市平鎮區環南路三段100號,(03)4287288,https://www.pjhs.tyc.edu.tw/,https://www.pjhs.tyc.edu.tw/
114,34332,市立觀音高中,公立,[03]桃園市,[328]桃園市觀音區新坡里中山路2段519號,(03)4981464,http://www.gish.tyc.edu.tw,http://www.gish.tyc.edu.tw/p/403-1000-35-1.php
114,34335,市立新屋高中,公立,[03]桃園市,[327]桃園市新屋區中興路111號,(03)4772029,https://www.swjh.tyc.edu.tw/,
114,34347,市立永豐高中,公立,[03]桃園市,[334]桃園市八德區永豐路609號,(03)3692679,http://www.yfms.tyc.edu.tw,
114,34348,市立羅浮高中,公立,[03]桃園市,[336]桃園市復興區羅浮里3鄰18號,(03)3825585,https://www.lfsh.tyc.edu.tw/home,https://www.lfsh.tyc.edu.tw/home
114,34399,市立大園國際高中,公立,[03]桃園市,[337]桃園市大園區大成路二段8號,(03)3813001,http://www.dysh.tyc.edu.tw,https://www.dysh.tyc.edu.tw/home
114,40302,國立竹東高中,公立,[04]新竹縣,[310]新竹縣竹東鎮大林路2號,(03)5962024,https://www.ctsh.hcc.edu.tw/,https://www.ctsh.hcc.edu.tw/content?a=T0RESU1qSTJORFF3TURjPXdJRE54QXpOeFExUWludGVseQ==&c=T0RESU9EZzBPRGN6TlRjPTVFRE4zY1ROeElrVGludGVseQ==
114,40304,國立關西高中,公立,[04]新竹縣,[306]新竹縣關西鎮東安里中山東路2號,(03)5872049,https://www.khsh.hcc.edu.tw/,https://www.khsh.hcc.edu.tw/ischool/publish_page/78
114,40308,國立陽明交大附中,公立,[04]新竹縣,[302]新竹縣竹北市中央路3號,(03)5517330,https://www.cpshs.hcc.edu.tw/,https://www.cphs.nycu.edu.tw/ischool/publish_page/19?cid=2423
114,41303,私立義民高中,私立,[04]新竹縣,[302]新竹縣竹北市中正西路15號,(03)5552020,http://www.ymsh.hcc.edu.tw,https://www.ymsh.hcc.edu.tw/ischool/widget/site_news/main2.php?uid=WID_0_2_0188fc67831279ddec40f48e059986d90ec4161c&maximize=1&allbtn=0
114,41305,私立忠信高中,私立,[04]新竹縣,[304]新竹縣新豐鄉忠信街178號,(03)5595775,https://www.chhs.hcc.edu.tw/,
114,41306,私立東泰高中,私立,[04]新竹縣,[310]新竹縣竹東鎮東峰路343號,(03)5961232,http://www.ttsh.hcc.edu.tw,https://www.ttsh.hcc.edu.tw/home?cid=3292
114,41307,私立仰德高中,私立,[04]新竹縣,[304]新竹縣新豐鄉員山133號,(03)5592158,http://www.ydvs.hcc.edu.tw/,https://www.ydvs.hcc.edu.tw/
114,41401,私立內思高工,私立,[04]新竹縣,[305]新竹縣新埔鎮楊新路一段40號,(03)5882520,http://www.savs.hcc.edu.tw,https://www.savs.hcc.edu.tw/ischool/widget/site_news/main2.php?uid=WID_0_2_4bd3b2f2761a2796ff9b8c80366aa62f9e672853&maximize=1&allbtn=0
114,44311,縣立六家高級中學,公立,[04]新竹縣,[302]新竹縣竹北市嘉興路356號,(03)5503824,https://ljsh.hcc.edu.tw/,https://ljsh.hcc.edu.tw/p/403-1089-1321.php?Lang=zh-tw
114,44320,縣立湖口高中,公立,[04]新竹縣,[303]新竹縣湖口鄉達生路601號,(03)5992588,https://hkhs.hcc.edu.tw,https://hkhs.hcc.edu.tw/p/428-1015-1.php?Lang=zh-tw
114,50303,國立苗栗高中,公立,[05]苗栗縣,[360]苗栗縣苗栗市至公路183號,(037)320072,http://www.mlsh.mlc.edu.tw,https://www.mlsh.mlc.edu.tw/home
114,50310,國立竹南高中,公立,[05]苗栗縣,[350]苗栗縣竹南鎮中正路98號,(037)476855,http://www.cnsh.mlc.edu.tw,https://www.cnsh.mlc.edu.tw/home
114,50314,國立卓蘭高中,公立,[05]苗栗縣,[369]苗栗縣卓蘭鎮老庄161號,(04)25892007,https://www.jlsh.mlc.edu.tw/,https://www.jlsh.mlc.edu.tw/p/403-1012-474-1.php?Lang=zh-tw
114,50315,國立苑裡高中,公立,[05]苗栗縣,[358]苗栗縣苑裡鎮育才街100號,(037)868680,http://www.ylsh.mlc.edu.tw,https://www.ylsh.mlc.edu.tw/
114,50401,國立大湖農工,公立,[05]苗栗縣,[364]苗栗縣大湖鄉大寮村竹高屋68號,(037)992216,http://www.thvs.mlc.edu.tw,https://www.thvs.mlc.edu.tw/%e8%a1%8c%e6%94%bf%e5%96%ae%e4%bd%8d/%e6%95%99%e5%8b%99%e8%99%95/%e6%95%99%e5%8b%99%e8%99%95-%e8%a8%bb%e5%86%8a%e7%b5%84/%e5%8a%a9%e5%ad%b8%e8%b3%87%e8%a8%8a/
114,50404,國立苗栗農工,公立,[05]苗栗縣,[360]苗栗縣苗栗市經國路二段491號,(037)329281,http://www.mlaivs.mlc.edu.tw,https://www.mlaivs.mlc.edu.tw/home
114,50407,國立苗栗高商,公立,[05]苗栗縣,[360]苗栗縣苗栗市電台街7號,(037)356001,http://www.mlvs.mlc.edu.tw,https://www.mlvs.mlc.edu.tw/ischool/widget/site_news/main2.php?uid=WID_179_2_a57b414bb9299dc3daaff1774ca973d3fd88b9a8&maximize=1&allbtn=0
114,51302,私立君毅高中,私立,[05]苗栗縣,[350]苗栗縣竹南鎮公義路245號,(037)622009,https://www.cish.mlc.edu.tw/,https://www.cish.mlc.edu.tw/
114,51306,私立建臺高中,私立,[05]苗栗縣,[360]苗栗縣苗栗市至公路251號,(037)353270,https://www.ctsh.mlc.edu.tw/,https://www.ctsh.mlc.edu.tw/p/412-1000-91.php?Lang=zh-tw
114,51307,私立全人實驗高中,私立,[05]苗栗縣,[369]苗栗縣卓蘭鎮內灣141之3號,(04)25896909,https://holistic.org.tw/,https://holistic.org.tw/holistic-track.html
114,51408,私立中興商工,私立,[05]苗栗縣,[350]苗栗縣竹南鎮大營路211號,(037)467360,https://www.csvs.mlc.edu.tw/home,https://www.csvs.mlc.edu.tw/home
114,51413,私立龍德家商,私立,[05]苗栗縣,[358]苗栗縣苑裡鎮房裡里南房75之1號,(037)851277,http://www.ldvs.mlc.edu.tw/,
114,54308,縣立三義高中,公立,[05]苗栗縣,[367]苗栗縣三義鄉廣盛村11鄰122號,(037)872015,https://sjh.mlc.edu.tw/Home/Index.php,https://sjh.mlc.edu.tw/Home/Index.php
114,54309,縣立苑裡高中,公立,[05]苗栗縣,[358]苗栗縣苑裡鎮客庄里1鄰2號,(037)861042,https://yljh.mlc.edu.tw/Home/Index.php,https://yljh.mlc.edu.tw/Home/Index.php
114,54317,縣立興華高中,公立,[05]苗栗縣,[351]苗栗縣頭份市中正一路401號,(037)663403,https://shhs.mlc.edu.tw/Home/Index.php,https://shhs.mlc.edu.tw/Home/Index.php
114,54333,縣立大同高中,公立,[05]苗栗縣,[350]苗栗縣竹南鎮大埔里六鄰公義路890號,(037)580566,https://dtsh.mlc.edu.tw/Home/Index.php,https://dtsh.mlc.edu.tw/Home/Index.php
114,60322,國立興大附中,公立,[06]臺中市,[412]臺中市大里區東榮路369號,(04)24875199,http://www.dali.tc.edu.tw,https://www.dali.tc.edu.tw/ischool/widget/site_news/main2.php?uid=WID_0_2_377afa59cce9f22276e3f66e9d896cb97110c95d&maximize=1&allbtn=0
114,60323,國立中科實驗高級中學,公立,[06]臺中市,[428]臺中市大雅區平和路227號,(04)25686850,http://www.nehs.tc.edu.tw,https://www.nehs.tc.edu.tw/%e6%a6%ae%e8%ad%bd%e6%a6%9c/
114,61301,財團法人常春藤高中,私立,[06]臺中市,[427]臺中市潭子區潭興路一段165巷320號,(04)25395066,https://sites.google.com/ivyjhs.tc.edu.tw/www110/%E9%A6%96%E9%A0%81,https://sites.google.com/ivyjhs.tc.edu.tw/www110/%E9%A6%96%E9%A0%81
114,61306,私立明台高中,私立,[06]臺中市,[413]臺中市霧峰區萊園路91號,(04)23393071,http://www.mths.tc.edu.tw,https://www.mths.tc.edu.tw/index
114,61309,私立致用高中,私立,[06]臺中市,[437]臺中市大甲區甲東路512號,(04)26872354,http://www.cycivs.tc.edu.tw,https://www.cycivs.tc.edu.tw/ischool/publish_page/0/
114,61310,臺中市大明高中,私立,[06]臺中市,[427]臺中市潭子區潭興路一段168號,(04)25391800,https://www.tmsh.tc.edu.tw/home,https://ischool.tmsh.tc.edu.tw/ischool/publish_page/39/?cid=6898
114,61311,私立嘉陽高中,私立,[06]臺中市,[436]臺中市清水區中航路三段1號,(04)26152168,https://www.cysh.tc.edu.tw/bin/home.php,https://www.cysh.tc.edu.tw/bin/home.php
114,61313,私立明道高中,私立,[06]臺中市,[414]臺中市烏日區中山路一段497號,(04)23372101,https://www3.mingdao.edu.tw/,https://www3.mingdao.edu.tw/
114,61314,私立僑泰高中,私立,[06]臺中市,[412]臺中市大里區樹王路342號,(04)24063936,https://www.ctas.tc.edu.tw/home,https://www.ctas.tc.edu.tw/home
114,61315,私立華盛頓高中,私立,[06]臺中市,[411]臺中市太平區廍仔坑路26號,(04)23934712,https://www.whs.tc.edu.tw/portal/index.php,https://www.whs.tc.edu.tw/portal/index.php/forum
114,61316,私立青年高中,私立,[06]臺中市,[412]臺中市大里區中湖路100號,(04)24954181,http://www.youth.tc.edu.tw,https://sites.google.com/gm.youth.tc.edu.tw/youth
114,61317,私立弘文高中,私立,[06]臺中市,[427]臺中市潭子區弘文街100號,(04)25340011,http://www.hwhs.tc.edu.tw,https://www.hwhs.tc.edu.tw/ischool/widget/site_news/main2.php?uid=WID_369_2_e6a733946d92617c4fee2a7eaa36aa9a67f28075&maximize=1&allbtn=0
114,61318,私立立人高中,私立,[06]臺中市,[412]臺中市大里區中興路二段380號,(04)24834138,https://www.lzsh.tc.edu.tw/,https://www.lzsh.tc.edu.tw/p/403-1000-17.php
114,61319,私立玉山高中,私立,[06]臺中市,[423]臺中市東勢區東崎路四段399號,(04)25771313,http://www.yssh.tc.edu.tw,https://www.yssh.tc.edu.tw/mainboard/board.asp
114,61321,私立慈明高中,私立,[06]臺中市,[411]臺中市太平區光德路388號,(04)22713911,https://www.gapp.tmhs.tc.edu.tw/,https://www.gapp.tmhs.tc.edu.tw/
114,61322,華德福大地實驗學校,私立,[06]臺中市,[414]臺中市烏日區公園路36號,(04)23377520,https://www.motherearth.com.tw/,
114,61323,私立洛克威爾藝術實驗教育學校,私立,[06]臺中市,[427]臺中市潭子區潭興路一段258巷16號,(04)25390095,https://www.rwex.tc.edu.tw/,https://www.rwex.tc.edu.tw/
114,63303,市立大甲高中,公立,[06]臺中市,[437]臺中市大甲區中山路一段720號,(04)26877165,https://djsh.tc.edu.tw/,https://djsh.tc.edu.tw/p/403-1073-3795.php
114,63305,市立清水高中,公立,[06]臺中市,[436]臺中市清水區中山路90號,(04)26222116,https://cshs.tc.edu.tw/,https://cshs.tc.edu.tw/p/404-1074-42505.php
114,63312,市立豐原高中,公立,[06]臺中市,[420]臺中市豐原區水源路150號,(04)25290381,https://fysh.tc.edu.tw/,https://fysh.tc.edu.tw/
114,63401,市立豐原高商,公立,[06]臺中市,[420]臺中市豐原區圓環南路50號,(04)25283556,https://fyvs.tc.edu.tw/,https://fyvs.tc.edu.tw/p/412-1085-5009.php
114,63402,市立大甲高工,公立,[06]臺中市,[437]臺中市大甲區頂店里開元路71號,(04)26874132,https://tcvs.tc.edu.tw/,https://tcvs.tc.edu.tw/p/403-1084-67-1.php
114,63404,市立東勢高工,公立,[06]臺中市,[423]臺中市東勢區東關路6段1328號,(04)25872136,https://tsvs.tc.edu.tw/,https://tsvs.tc.edu.tw/p/412-1083-7325.php
114,63407,市立沙鹿高工,公立,[06]臺中市,[433]臺中市沙鹿區臺灣大道七段823號,(04)26621795,https://slvs.tc.edu.tw/,https://slvs.tc.edu.tw/p/412-1082-12357.php?Lang=zh-tw
114,63408,市立霧峰農工,公立,[06]臺中市,[413]臺中市霧峰區中正路1222號,(04)23303118,https://wufai.tc.edu.tw/,https://wufai.tc.edu.tw/
114,64308,市立后綜高中,公立,[06]臺中市,[421]臺中市后里區三豐路三段968號,(04)25562012,https://hzsh.tc.edu.tw/,https://hzsh.tc.edu.tw/p/412-1071-6857.php
114,64324,市立大里高中,公立,[06]臺中市,[412]臺中市大里區國中路365號,(04)24067870,https://dlsh.tc.edu.tw/,https://dlsh.tc.edu.tw/p/403-1068-3744-1.php
114,64328,市立新社高中,公立,[06]臺中市,[426]臺中市新社區復盛里中和街三段國中巷10號,(04)25812116,https://sshs.tc.edu.tw/,https://sshs.tc.edu.tw/p/426-1069-3.php
114,64336,市立長億高中,公立,[06]臺中市,[411]臺中市太平區長億里長億六街1號,(04)22799267,https://cyhs.tc.edu.tw/,https://cyhs.tc.edu.tw/p/403-1072-1268-1.php?Lang=zh-tw
114,64342,市立中港高中,公立,[06]臺中市,[435]臺中市梧棲區文昌路400號,(04)26578270,https://cgsh.tc.edu.tw/,https://cgsh.tc.edu.tw/p/412-1070-11368.php
114,64350,市立龍津高中,公立,[06]臺中市,[434]臺中市龍井區三港路130號,(04)26304536,https://ljjhs.tc.edu.tw/,https://ljjhs.tc.edu.tw/
114,64406,市立神岡高工,公立,[06]臺中市,[429]臺中市神岡區社南里中山路627號,(04)25623421,https://sgihs.tc.edu.tw/,https://sgihs.tc.edu.tw/p/424-1120-1070.php
114,70301,國立彰化女中,公立,[07]彰化縣,[500]彰化縣彰化市光復路62號,(04)7240042,http://www.chgsh.chc.edu.tw,https://www.chgsh.chc.edu.tw/
114,70304,國立員林高中,公立,[07]彰化縣,[510]彰化縣員林市靜修路79號,(04)8320364,https://www.ylsh.chc.edu.tw/home,https://www.ylsh.chc.edu.tw/ischool/widget/site_news/main2.php?uid=WID_0_2_bbc5db7c6bc1c5d67017f579c4ccca8cb80f9476&maximize=1&allbtn=0
114,70307,國立彰化高中,公立,[07]彰化縣,[500]彰化縣彰化市中興路78號,(04)7222121,https://www.chsh.chc.edu.tw/,https://www.chsh.chc.edu.tw/p/412-1009-191.php?Lang=zh-tw
114,70316,國立鹿港高中,公立,[07]彰化縣,[505]彰化縣鹿港鎮東石里中山路661號,(04)7772403,http://www.lksh.chc.edu.tw,https://www.lksh.chc.edu.tw/p/412-1005-210.php
114,70319,國立溪湖高中,公立,[07]彰化縣,[514]彰化縣溪湖鎮湖東里大溪路二段86號,(04)8826436,http://www.hhsh.chc.edu.tw,https://www.hhsh.chc.edu.tw/ischool/widget/site_news/main2.php?uid=WID_0_2_3ed70569e50c216bbfd52affdfa4f70a6e43e870&maximize=1&allbtn=0
114,70401,國立彰師附工,公立,[07]彰化縣,[500]彰化縣彰化市和調里工校街1號,(04)7252541,http://www.sivs.chc.edu.tw,https://www.sivs.chc.edu.tw/files/50-1000-42-1.php?Lang=zh-tw
114,70402,國立永靖高工,公立,[07]彰化縣,[512]彰化縣永靖鄉永北村永坡路101號,(04)8221810,http://www.yjvs.chc.edu.tw,https://www.yjvs.chc.edu.tw/ischool
114,70403,國立二林工商,公立,[07]彰化縣,[526]彰化縣二林鎮豐田里斗苑路四段500號,(04)8962132,http://www.elvs.chc.edu.tw,https://www.elvs.chc.edu.tw/ischool
114,70405,國立秀水高工,公立,[07]彰化縣,[504]彰化縣秀水鄉福安村中山路364號,(04)7697021,http://www.ssivs.chc.edu.tw,https://www.ssivs.chc.edu.tw/ischool
114,70406,國立彰化高商,公立,[07]彰化縣,[500]彰化縣彰化市南郭路一段326號,(04)7262623,https://www.chsc.chc.edu.tw/home,https://www.chsc.chc.edu.tw/ischool/widget/site_news/main2.php?uid=WID_0_2_a61b22f82f91c395de329c494eac28017f85ee95&maximize=1&allbtn=0
114,70408,國立員林農工,公立,[07]彰化縣,[510]彰化縣員林市員水路二段313號,(04)8360105,http://www.ylvs.chc.edu.tw,https://www.ylvs.chc.edu.tw/home
114,70409,國立員林崇實高工,公立,[07]彰化縣,[510]彰化縣員林市育英路103號,(04)8347106,http://www.csvs.chc.edu.tw,https://www.csvs.chc.edu.tw/
114,70410,國立員林家商,公立,[07]彰化縣,[510]彰化縣員林市中正路56號,(04)8320260,https://www.ylhcvs.chc.edu.tw/ischool/publish_page/0/,https://www.ylhcvs.chc.edu.tw/ischool/publish_page/0/
114,70415,國立北斗家商,公立,[07]彰化縣,[521]彰化縣北斗鎮大道里學府路50號,(04)8882224,http://www.pthc.chc.edu.tw,https://www.pthc.chc.edu.tw/home
114,71311,私立精誠高中,私立,[07]彰化縣,[500]彰化縣彰化市林森路200號,(04)7622790,http://www.cchs.chc.edu.tw,https://www.cchs.chc.edu.tw/p/412-1000-112.php?Lang=zh-tw
114,71317,私立文興高中,私立,[07]彰化縣,[520]彰化縣田中鎮員集路三段93號,(04)8753889,https://www.hshs.chc.edu.tw/,https://www.hshs.chc.edu.tw/p/412-1000-131.php?Lang=zh-tw
114,71318,財團法人正德高中,私立,[07]彰化縣,[500]彰化縣彰化市彰水路145號,(04)7524109,https://www.zdhs.chc.edu.tw/bin/home.php,https://www.zdhs.chc.edu.tw/files/40-1000-93-1.php?Lang=zh-tw
114,71414,私立達德商工,私立,[07]彰化縣,[520]彰化縣田中鎮中南路二段277號,(04)8753929,https://www.tdvs.chc.edu.tw/www/home/,
114,74308,縣立彰化藝術高中,公立,[07]彰化縣,[500]彰化縣彰化市卦山路13號,(04)7222844,http://www.chash.chc.edu.tw,https://chash.chc.edu.tw/
114,74313,縣立二林高中,公立,[07]彰化縣,[526]彰化縣二林鎮中西里二城路6號,(04)8960121,http://www.elsh.chc.edu.tw,https://elsh.chc.edu.tw/
114,74323,縣立和美高中,公立,[07]彰化縣,[508]彰化縣和美鎮西園路31號,(04)7552043,https://www.hmjh.chc.edu.tw/,https://hmjh.chc.edu.tw/
114,74328,縣立田中高中,公立,[07]彰化縣,[520]彰化縣田中鎮文化街23號,(04)8745820,https://www.tcjh.chc.edu.tw/,https://tcjh.chc.edu.tw/
114,74339,縣立成功高中,公立,[07]彰化縣,[514]彰化縣溪湖鎮福德路310號,(04)8828588,https://www.cksh.chc.edu.tw/,https://cksh.chc.edu.tw/
114,80302,國立南投高中,公立,[08]南投縣,[540]南投縣南投市建國路137號,(049)2231175,http://www.ntsh.ntct.edu.tw,https://www.ntsh.ntct.edu.tw/ischool/publish_page/17/?cid=2790
114,80305,國立中興高中,公立,[08]南投縣,[540]南投縣南投市中學路2號,(049)2332110,https://www.chsh.ntct.edu.tw/home,https://www.chsh.ntct.edu.tw/ischool/publish_page/9/?cid=5265
114,80307,國立竹山高中,公立,[08]南投縣,[557]南投縣竹山鎮下橫街253號,(049)2643344,https://www.cshs.ntct.edu.tw/home,https://www.cshs.ntct.edu.tw/home?cid=1586
114,80308,國立暨大附中,公立,[08]南投縣,[545]南投縣埔里鎮鐵山路1之6號,(049)2913483,https://www.pshs.ntct.edu.tw/home,https://www.pshs.ntct.edu.tw/home
114,80401,國立仁愛高農,公立,[08]南投縣,[546]南投縣仁愛鄉大同村山農巷27號,(049)2802619,http://www.ravs.ntct.edu.tw,https://www.ravs.ntct.edu.tw/home
114,80403,國立埔里高工,公立,[08]南投縣,[545]南投縣埔里鎮中山路一段435號,(049)2982225,http://www.plvs.ntct.edu.tw,https://www.plvs.ntct.edu.tw/ischool/widget/site_news/main2.php?uid=WID_0_2_778d20bd132ae5d0cf0a7f35c3e79698c9289c95&maximize=1&allbtn=0
114,80404,國立南投高商,公立,[08]南投縣,[540]南投縣南投市三興里彰南路一段993號,(049)2222269,http://www.pntcv.ntct.edu.tw,https://www.pntcv.ntct.edu.tw/home
114,80406,國立草屯商工,公立,[08]南投縣,[542]南投縣草屯鎮芬草路二段736號,(049)2362082,http://www.ttvs.ntct.edu.tw,https://www.ttvs.ntct.edu.tw/ischool
114,80410,國立水里商工,公立,[08]南投縣,[553]南投縣水里鄉南湖路2號,(049)2870666,http://www.slvs.ntct.edu.tw,https://www.slvs.ntct.edu.tw/home
114,81311,私立五育高中,私立,[08]南投縣,[540]南投縣南投市樂利路200號,(049)2246346,http://www.wu-yu.ntct.edu.tw,https://www.wu-yu.ntct.edu.tw/
114,81312,私立三育高中,私立,[08]南投縣,[555]南投縣魚池鄉瓊文巷39號,(049)2897212,http://www.taa.ntct.edu.tw,https://www.taa.ntct.edu.tw/home?cid=5162
114,81313,私立弘明實驗高中,私立,[08]南投縣,[551]南投縣名間鄉東湖村大老巷102號,(049)2731799,http://www.holdmean.org.tw,
114,81314,私立普台高中,私立,[08]南投縣,[545]南投縣埔里鎮一新里中台路5號,(049)2932899,https://www.ptsh.ntct.edu.tw/ptsh/index.php,https://www.ptsh.ntct.edu.tw/ptsh/administrative4.php
114,81409,南投縣同德高中,私立,[08]南投縣,[542]南投縣草屯鎮中正路培英巷8號,(049)2553109,http://www.tdvs.ntct.edu.tw,https://www.tdvs.ntct.edu.tw/
114,84309,縣立旭光高中,公立,[08]南投縣,[542]南投縣草屯鎮中正路568之23號,(049)2563472,https://ischool.skjhs.ntct.edu.tw,https://ischool.skjhs.ntct.edu.tw/ischool
114,90305,國立斗六高中,公立,[09]雲林縣,[640]雲林縣斗六市民生路224號,(05)5322039,http://www.tlsh.ylc.edu.tw,https://www.tlsh.ylc.edu.tw/
114,90306,國立北港高中,公立,[09]雲林縣,[651]雲林縣北港鎮成功路26號,(05)7821411,http://www.pksh.ylc.edu.tw,https://www.pksh.ylc.edu.tw/home
114,90315,國立虎尾高中,公立,[09]雲林縣,[632]雲林縣虎尾鎮光復路222號,(05)6322121,http://www.hwsh.ylc.edu.tw,https://www.hwsh.ylc.edu.tw/home
114,90401,國立虎尾農工,公立,[09]雲林縣,[632]雲林縣虎尾鎮公安里博愛路65號,(05)6322767,http://www.hwaivs.ylc.edu.tw,https://www.hwaivs.ylc.edu.tw/2026/06/12/%e4%b8%bb%e6%97%a8%ef%bc%9a%e6%aa%a2%e9%80%81%e8%87%ba%e5%8c%97%e7%a7%91%e6%8a%80%e5%a4%a7%e5%ad%b8%e8%88%87%e5%9c%8b%e7%ab%8b%e8%87%ba%e4%b8%ad%e7%a7%91%e6%8a%80%e5%a4%a7%e5%ad%b8%e5%9c%8b%e9%9a%9b/
114,90402,國立西螺農工,公立,[09]雲林縣,[648]雲林縣西螺鎮大同路4號,(05)5862024,http://www.hlvs.ylc.edu.tw,https://www.hlvs.ylc.edu.tw/?page_id=63554
114,90403,國立斗六家商,公立,[09]雲林縣,[640]雲林縣斗六市成功路120號,(05)5322147,http://www.tlhc.ylc.edu.tw,https://www.tlhc.ylc.edu.tw/ischool/widget/site_news/main2.php?uid=WID_0_2_2c7442d039bd1db0886fecc35e3cb8e44d1af944&maximize=1&allbtn=0
114,90404,國立北港農工,公立,[09]雲林縣,[651]雲林縣北港鎮太平路80號,(05)7832246,http://www.pkvs.ylc.edu.tw,https://www.pkvs.ylc.edu.tw/ischool/widget/site_news/main2.php?uid=WID_0_2_ae7789b57835bad294fb23aedd9efa68d4540a18&maximize=1&allbtn=0
114,90413,國立土庫商工,公立,[09]雲林縣,[633]雲林縣土庫鎮中央路2號,(05)6622538,http://www.tkvs.ylc.edu.tw,https://www.tkvs.ylc.edu.tw/index.php?option=module&lang=cht&task=showlist&id=5&index=1
114,91307,私立永年高中,私立,[09]雲林縣,[633]雲林縣土庫鎮建國路13號,(05)6622540,http://www.ynhs.ylc.edu.tw,https://www.ynhs.ylc.edu.tw/
114,91308,私立正心高中,私立,[09]雲林縣,[640]雲林縣斗六市正心路1號,(05)5512502,https://www.shsh.ylc.edu.tw/,https://www.shsh.ylc.edu.tw/
114,91311,私立文生高中,私立,[09]雲林縣,[654]雲林縣四湖鄉中正路509號,(05)7872024,http://www.svsh.ylc.edu.tw,
114,91312,私立巨人高中,私立,[09]雲林縣,[651]雲林縣北港鎮大同路647號,(05)7835937,https://www.tssh.ylc.edu.tw/,https://www.tssh.ylc.edu.tw/
114,91316,私立揚子高中,私立,[09]雲林縣,[632]雲林縣虎尾鎮潁川里林森路二段541號,(05)6330181,http://www.ytjh.ylc.edu.tw,https://www.ytjh.ylc.edu.tw/
114,91318,財團法人義峰高中,私立,[09]雲林縣,[643]雲林縣林內鄉烏麻村長源201號,(05)5800099,http://www.yfsh.ylc.edu.tw,
114,91319,福智高中,私立,[09]雲林縣,[646]雲林縣古坑鄉麻園村平和23號,(05)5828222,https://www.bwjh.ylc.edu.tw/,https://www.bwjh.ylc.edu.tw/
114,91320,雲林縣維多利亞實驗高中,私立,[09]雲林縣,[640]雲林縣斗六市鎮南路1110號,(05)5378899,https://www.victoria.ylc.edu.tw/,
114,91410,私立大成商工,私立,[09]雲林縣,[632]雲林縣虎尾鎮成平街21號,(05)6322534,http://163.27.121.3/web/,
114,91414,私立大德工商,私立,[09]雲林縣,[630]雲林縣斗南鎮大同路400號,(05)5970977,https://www.ddvs.ylc.edu.tw/home,https://www.ddvs.ylc.edu.tw/home
114,94301,縣立斗南高中,公立,[09]雲林縣,[630]雲林縣斗南鎮中山路212號,(05)5972059,https://dnsh.ylc.edu.tw/,https://dnsh.ylc.edu.tw/
114,94307,縣立麥寮高中,公立,[09]雲林縣,[638]雲林縣麥寮鄉中興路310號,(05)6932050,https://mljh.ylc.edu.tw,https://mljh.ylc.edu.tw/News_teacher.aspx?n=54638&sms=54513
114,94308,縣立古坑華德福實驗高級中學,公立,[09]雲林縣,[646]雲林縣古坑鄉南昌6之27號,(05)5822075,https://gwehs.ylc.edu.tw/,https://gwehs.ylc.edu.tw/
114,94326,縣立蔦松藝術高中,公立,[09]雲林縣,[652]雲林縣水林鄉松北村松北路1之1號,(05)7841801,https://nsjh.ylc.edu.tw/,https://nsjh.ylc.edu.tw/
114,100301,國立東石高中,公立,[10]嘉義縣,[613]嘉義縣朴子市大鄉里253號,(05)3794180,https://www.tssh.cyc.edu.tw/,https://www.tssh.cyc.edu.tw/
114,100302,國立新港藝術高中,公立,[10]嘉義縣,[616]嘉義縣新港鄉藝高路1號,(05)3747060,https://www.sgash.cyc.edu.tw/home,https://www.sgash.cyc.edu.tw/home
114,100303,國立嘉科實驗高中,公立,[10]嘉義縣,[613]嘉義縣朴子市嘉朴路西段2號,(05)2868899,https://www.nehs.cyc.edu.tw/home,https://www.nehs.cyc.edu.tw/home?cid=64
114,100402,國立民雄農工,公立,[10]嘉義縣,[621]嘉義縣民雄鄉文隆村81號,(05)2267120,http://www.mhvs.cyc.edu.tw,https://www.mhvs.cyc.edu.tw/
114,101304,私立協同高中,私立,[10]嘉義縣,[621]嘉義縣民雄鄉建國路二段31號,(05)2213045,http://www.cmsh.cyc.edu.tw,https://www.cmsh.cyc.edu.tw/
114,101406,私立萬能工商,私立,[10]嘉義縣,[608]嘉義縣水上鄉萬能路1號,(05)2687777,http://www.wnvs.cyc.edu.tw,https://www.wnvs.cyc.edu.tw/2019/
114,104319,縣立竹崎高中,公立,[10]嘉義縣,[604]嘉義縣竹崎鄉竹崎村文化路23號,(05)2611006,http://www.ccjh.cyc.edu.tw,https://www.ccjh.cyc.edu.tw/p/403-1000-18.php
114,104326,縣立永慶高中,公立,[10]嘉義縣,[612]嘉義縣太保市信義二路1號,(05)3627226,http://www.ycsh.cyc.edu.tw,https://www.ycsh.cyc.edu.tw/
114,110302,國立新豐高中,公立,[11]臺南市,[711]臺南市歸仁區中正北路一段148號,(06)2304082,http://www.sfsh.tn.edu.tw,https://www.sfsh.tn.edu.tw/ischool
114,110308,國立臺南大學附中,公立,[11]臺南市,[710]臺南市永康區中山南路948號,(06)2338501,http://www.tntcsh.tn.edu.tw,
114,110311,國立北門高中,公立,[11]臺南市,[722]臺南市佳里區六安里269號,(06)7222150,http://www.bmsh.tn.edu.tw/,
114,110312,國立新營高中,公立,[11]臺南市,[730]臺南市新營區民權路101號,(06)6562275,https://www.hysh.tn.edu.tw/home,https://www.hysh.tn.edu.tw/home?cid=670
114,110314,國立後壁高中,公立,[11]臺南市,[731]臺南市後壁區嘉苳里下茄苳132號,(06)6671031,http://www.hpsh.tn.edu.tw,https://www.hpsh.tn.edu.tw/home
114,110315,國立善化高中,公立,[11]臺南市,[741]臺南市善化區大成路195號,(06)5837312,http://www.shsh.tn.edu.tw,https://www.shsh.tn.edu.tw/Content/newslist.aspx?ntid=19
114,110317,國立新化高中,公立,[11]臺南市,[712]臺南市新化區忠孝路2號,(06)5982065,http://www.hhsh.tn.edu.tw,https://www.hhsh.tn.edu.tw/home
114,110328,國立南科國際實驗高中,公立,[11]臺南市,[744]臺南市新市區西拉雅大道888巷1號,(06)5052916,http://www.nnkieh.tn.edu.tw,https://www.nnkieh.tn.edu.tw/
114,110401,國立新化高工,公立,[11]臺南市,[712]臺南市新化區東榮里信義路54號,(06)5903994,http://www.hhvs.tn.edu.tw,https://www.hhvs.tn.edu.tw/ischool/widget/site_news/main2.php?uid=WID_0_2_3252c49001c339c8da1394bece229723edf47812&maximize=1&allbtn=0
114,110403,國立白河商工,公立,[11]臺南市,[732]臺南市白河區永安里新興路528號,(06)6852054,http://www.phvs.tn.edu.tw,https://www.phvs.tn.edu.tw/
114,110404,國立北門農工,公立,[11]臺南市,[722]臺南市佳里區六安里117號,(06)7260148,http://www.pmai.tn.edu.tw,https://www.pmai.tn.edu.tw/category/enroll
114,110405,國立曾文家商,公立,[11]臺南市,[721]臺南市麻豆區和平路9號,(06)5722079,http://www.twvs.tn.edu.tw,https://www.twvs.tn.edu.tw/category/download-area/
114,110406,國立新營高工,公立,[11]臺南市,[730]臺南市新營區中正路68號,(06)6322377,https://www.hyivs.tn.edu.tw/home,https://www.hyivs.tn.edu.tw/ischool/widget/site_news/main2.php?uid=WID_0_2_da8172edf58839cf893cf8a2cc3f9161254a57f4&maximize=1&allbtn=0
114,110407,國立玉井工商,公立,[11]臺南市,[714]臺南市玉井區中山路1號之1,(06)5741101,https://www.ycvs.tn.edu.tw/,"https://www.ycvs.tn.edu.tw/latestevent/Index?Parser=22,3,21,,,,,24"
114,110409,國立成大附屬南工,公立,[11]臺南市,[710]臺南市永康區中山南路193號,(06)2322131,https://www.ptivs.tn.edu.tw,https://www.ptivs.tn.edu.tw/ischool/publish_page/0?cid=2335
114,110410,國立曾文農工,公立,[11]臺南市,[721]臺南市麻豆區南勢里南勢1號,(06)5721137,https://www.twivs.tn.edu.tw/,https://www.twivs.tn.edu.tw/home?cid=1680
114,111313,私立南光高中,私立,[11]臺南市,[730]臺南市新營區中興路62號,(06)6335408,http://www.nkhs.tn.edu.tw,https://www.nkhs.tn.edu.tw/nss/p/index
114,111320,私立港明高中,私立,[11]臺南市,[723]臺南市西港區慶安路229號,(06)7952025,http://www.kmsh.tn.edu.tw/km107/,https://www2.kmsh.tn.edu.tw/km107/index.php
114,111321,臺南市中信國際高中,私立,[11]臺南市,[730]臺南市新營區大同路86號,(06)6352201,https://ctbchs.tn.edu.tw/,https://w3.ctbchs.tn.edu.tw/?cat=26
114,111322,私立明達高中,私立,[11]臺南市,[737]臺南市鹽水區橋南里忠孝路73號,(06)6521178,http://www.mdsh.tn.edu.tw,
114,111323,私立黎明高中,私立,[11]臺南市,[721]臺南市麻豆區井東里磚子井141號,(06)5717123,http://www.lmsh.tn.edu.tw,https://www.lmsh.tn.edu.tw/ischool/widget/site_news/main2.php?uid=WID_0_2_91b0f7a263d038f60ec87df0cd745419f792a223&maximize=1&allbtn=0
114,111326,私立新榮高中,私立,[11]臺南市,[736]臺南市柳營區柳營132號之12,(06)6222222,http://www.srsh.tn.edu.tw,
114,111419,私立陽明工商,私立,[11]臺南市,[720]臺南市官田區官田里423號,(06)6901190,http://www.ymvs.tn.edu.tw,
114,111427,私立育德工家,私立,[11]臺南市,[730]臺南市新營區健康路211號,(06)6563275,http://www.ytvs.tn.edu.tw,
114,114306,市立大灣高中,公立,[11]臺南市,[710]臺南市永康區文賢街68巷1號,(06)2714223,http://www.dwhs.tn.edu.tw/,https://www.dwhs.tn.edu.tw/
114,114307,市立永仁高中,公立,[11]臺南市,[710]臺南市永康區忠孝路74號,(06)3115538,https://www.yrhs.tn.edu.tw/,https://www.yrhs.tn.edu.tw/
114,114344,市立沙崙國際高中,公立,[11]臺南市,[711]臺南市歸仁區武東里歸仁六路2號,(06)3032062,https://www.sljh.tn.edu.tw/,https://www.sljh.tn.edu.tw/
114,120303,國立鳳山高中,公立,[12]高雄市,[830]高雄市鳳山區光復路二段130號,(07)7463150,http://www.fssh.khc.edu.tw,https://www.fssh.khc.edu.tw/home
114,120304,國立岡山高中,公立,[12]高雄市,[820]高雄市岡山區公園路52號,(07)6212033,http://www.kssh.khc.edu.tw,https://www.kssh.khc.edu.tw/p/412-1001-245.php
114,120311,國立旗美高中,公立,[12]高雄市,[842]高雄市旗山區東平里樹人路21號,(07)6612502,http://www.cmsh.khc.edu.tw,https://www.cmsh.khc.edu.tw/ischool/publish_page/17
114,120319,國立鳳新高中,公立,[12]高雄市,[830]高雄市鳳山區新富路257號,(07)7658288,http://www.fhsh.khc.edu.tw,https://www.fhsh.khc.edu.tw/
114,120320,國立高科實驗高中,公立,[12]高雄市,[811]高雄市楠梓區盛昌街161號,(07)6120121,https://www.nehs.kh.edu.tw/,https://www.nehs.kh.edu.tw/
114,120401,國立旗山農工,公立,[12]高雄市,[842]高雄市旗山區旗甲路一段195號,(07)6612501,http://www.csvs.khc.edu.tw,https://www.csvs.khc.edu.tw/ischool
114,120402,國立岡山農工,公立,[12]高雄市,[820]高雄市岡山區壽天里岡山路533號,(07)6217129,http://www.ksvs.khc.edu.tw,https://www.ksvs.khc.edu.tw/p/412-1004-180.php
114,120409,國立鳳山商工,公立,[12]高雄市,[830]高雄市鳳山區文衡路51號,(07)7462602,https://www.fsvs.khc.edu.tw/,https://www.fsvs.khc.edu.tw/p/412-1003-781.php?Lang=zh-tw
114,121302,光禾華德福實驗學校,私立,[12]高雄市,[806]高雄市前鎮區德昌路345號,(07)7885128,https://waldorf-tw-kh.weebly.com/,https://waldorf-tw-kh.weebly.com/35338246872084421578.html
114,121306,財團法人新光高中,私立,[12]高雄市,[831]高雄市大寮區鳳屏一路217號,(07)7019888,https://sg.sgshedu.tw/,https://sg.sgshedu.tw/
114,121307,財團法人普門中學,私立,[12]高雄市,[840]高雄市大樹區大坑路140之11號,(07)6562676,https://www.pmsh.khc.edu.tw/,https://www.pmsh.khc.edu.tw/category/news/
114,121318,私立正義高中,私立,[12]高雄市,[830]高雄市鳳山區南江街183號,(07)7225529,https://web.cysh.khc.edu.tw/zh,https://web.cysh.khc.edu.tw/zh
114,121320,私立義大國際高中,私立,[12]高雄市,[840]高雄市大樹區學城路一段6號,(07)6577115,https://www.iis.kh.edu.tw/tw,
114,121405,私立中山工商,私立,[12]高雄市,[831]高雄市大寮區會社里正氣路79號,(07)7815311,http://www.csic.khc.edu.tw,
114,121410,私立旗美商工,私立,[12]高雄市,[843]高雄市美濃區中興路二段275號,(07)6812152,https://cm.cmvsedu.tw/,https://cm.cmvsedu.tw/
114,121413,私立高英工商,私立,[12]高雄市,[831]高雄市大寮區鳳林三路19巷44號,(07)7832991,http://www.kyicvs.khc.edu.tw,https://www.kyicvs.khc.edu.tw/main_news.php?ntype=5
114,121415,私立華德工家,私立,[12]高雄市,[852]高雄市茄萣區濱海路四段66號,(07)6921212,http://www.hdvs.kh.edu.tw/,https://www.hdvs.kh.edu.tw/
114,121417,私立高苑工商,私立,[12]高雄市,[825]高雄市橋頭區東林里芋寮路1號,(07)6111101,https://www.kyvs.kh.edu.tw/home,https://www.kyvs.kh.edu.tw/ischool/widget/site_news/main2.php?uid=WID_0_2_d81ae2ad38f0a64228a10b5323d7bde456cbb2f9&maximize=1&allbtn=0
114,124302,市立文山高中,公立,[12]高雄市,[833]高雄市鳥松區大埤路31號,(07)7777272,http://www.wsm.kh.edu.tw/,https://www.wsm.kh.edu.tw/p/404-1000-448.php
114,124311,市立林園高中,公立,[12]高雄市,[832]高雄市林園區林園北路481號,(07)6412059,http://www.ly.kh.edu.tw/,
114,124313,市立仁武高中,公立,[12]高雄市,[814]高雄市仁武區仁林路20號,(07)3721640,http://www.rwm.kh.edu.tw/,https://www.rwm.kh.edu.tw/
114,124322,市立路竹高中,公立,[12]高雄市,[821]高雄市路竹區中華路292號,(07)6963008,https://www.lchs.kh.edu.tw/,
114,124333,市立六龜高中,公立,[12]高雄市,[844]高雄市六龜區光復路212號,(07)6891023,https://www.lgm.kh.edu.tw/lgm/main.php,https://www.lgm.kh.edu.tw
114,124340,市立福誠高中,公立,[12]高雄市,[830]高雄市鳳山區五甲三路176號,(07)8224646,https://www.ftm.kh.edu.tw/,
114,130302,國立屏東女中,公立,[13]屏東縣,[900]屏東縣屏東市仁愛路94號,(08)7362204,http://www.ptgsh.ptc.edu.tw,https://www.ptgsh.ptc.edu.tw/home
114,130305,國立屏東高中,公立,[13]屏東縣,[900]屏東縣屏東市忠孝路231號,(08)7656444,https://www.pths.ptc.edu.tw/home,https://www.pths.ptc.edu.tw/ischool/widget/site_news/main2.php?uid=WID_0_2_eabe8658801c42ab3fe8639f8689a5e974d53e0f&maximize=1&allbtn=0
114,130306,國立潮州高中,公立,[13]屏東縣,[920]屏東縣潮州鎮中山路11號,(08)7882017,http://www.ccsh.ptc.edu.tw,https://www.ccsh.ptc.edu.tw/data_news.php?tpl=1&type=news2
114,130307,國立屏科實驗高中,公立,[13]屏東縣,[907]屏東縣鹽埔鄉維新路20號,(08)7624002,https://nehs.ptc.edu.tw/nss/p/index,https://nehs.ptc.edu.tw/nss/p/index
114,130322,國立屏北高中,公立,[13]屏東縣,[907]屏東縣鹽埔鄉彭厝村莒光路168號,(08)7937493,http://www.ppsh.ptc.edu.tw,https://www.ppsh.ptc.edu.tw/home
114,130401,國立內埔農工,公立,[13]屏東縣,[912]屏東縣內埔鄉水門村成功路83號,(08)7991103,http://www.npvs.ptc.edu.tw,https://www.npvs.ptc.edu.tw/ischool/widget/site_news/main2.php?uid=WID_0_2_effb9ea41bdf2bd0fccbed99d5f5618c05897fbb&maximize=1&allbtn=0
114,130403,國立屏東高工,公立,[13]屏東縣,[900]屏東縣屏東市建國路25號,(08)7523781,http://www.ptivs.ptc.edu.tw,https://www.ptivs.ptc.edu.tw/home
114,130404,國立佳冬高農,公立,[13]屏東縣,[931]屏東縣佳冬鄉佳冬村佳農街67號,(08)8662726,http://www.ctvs.ptc.edu.tw,
114,130410,國立東港海事,公立,[13]屏東縣,[928]屏東縣東港鎮豐漁街66號,(08)8333131,http://www.tkms.ptc.edu.tw,https://www.tkms.ptc.edu.tw/ischool/widget/site_news/main2.php?uid=WID_0_2_f86b86f780aa8a10308cb66bc8c66c48aff41c81&maximize=1&allbtn=0
114,130417,國立恆春工商,公立,[13]屏東縣,[946]屏東縣恆春鎮恒南路38號,(08)8892010,http://www.hcvs.ptc.edu.tw,https://www.hcvs.ptc.edu.tw/p/412-1007-107.php
114,131307,財團法人屏榮高中,私立,[13]屏東縣,[900]屏東縣屏東市豐田里民學路100號,(08)7223409,http://www.prhs.ptc.edu.tw,https://www.prhs.ptc.edu.tw/
114,131308,私立陸興高中,私立,[13]屏東縣,[900]屏東縣屏東市廣東路150號,(08)7225837,https://www.lssh.ptc.edu.tw/tw,https://www.lssh.ptc.edu.tw/tw/news-detail/280
114,131311,私立美和高中,私立,[13]屏東縣,[912]屏東縣內埔鄉美和村學人路323號,(08)7792045,https://www.mhsh.ptc.edu.tw/home,https://www.mhsh.ptc.edu.tw/ischool/publish_page/0?cid=652
114,131409,私立民生家商,私立,[13]屏東縣,[900]屏東縣屏東市民生東路12號,(08)7223029,https://www.msvs.ptc.edu.tw/,
114,134304,縣立大同高中,公立,[13]屏東縣,[900]屏東縣屏東市和平路429號,(08)7663916,http://www.dtjh.ptc.edu.tw,
114,134321,縣立枋寮高中,公立,[13]屏東縣,[940]屏東縣枋寮鄉新龍村義民路3號,(08)8782095,http://www.flhs.ptc.edu.tw,
114,134324,縣立東港高中,公立,[13]屏東縣,[928]屏東縣東港鎮船頭路1號,(08)8322014,http://www.dghs.ptc.edu.tw/,
114,134334,縣立來義高中,公立,[13]屏東縣,[922]屏東縣來義鄉中正路147號,(08)7850086,https://www.lyhs.ptc.edu.tw/,
114,140301,國立臺東大學附屬體育高中,公立,[14]臺東縣,[950]臺東縣臺東市體中路1號,(089)383629,http://www.ntpehs.ttct.edu.tw,https://www.ntpehs.ttct.edu.tw/announce/
114,140302,國立臺東女中,公立,[14]臺東縣,[950]臺東縣臺東市四維路一段690號,(08)9321268,http://www.tgsh.ttct.edu.tw,https://www.tgsh.ttct.edu.tw/ischool
114,140303,國立臺東高中,公立,[14]臺東縣,[950]臺東縣臺東市中華路一段721號,(08)9322070,https://www.pttsh.ttct.edu.tw,https://www.pttsh.ttct.edu.tw/ischool
114,140404,國立關山工商,公立,[14]臺東縣,[956]臺東縣關山鎮民權路58號,(089)811006,https://www.ksvs.ttct.edu.tw/,https://www.ksvs.ttct.edu.tw/ischool/widget/site_news/main2.php?uid=WID_0_2_f7244d4bcd3eaf0f9d1d34474b22c1ce8d23a9d7&maximize=1&allbtn=0
114,140405,國立臺東高商,公立,[14]臺東縣,[950]臺東縣臺東市正氣路440號,(089)350575,https://www.tscvs.ttct.edu.tw/,https://www.tscvs.ttct.edu.tw/ischool/widget/site_news/main2.php?uid=WID_0_2_0cf2fab4fe9689a020522dd23cb58b3bd8e1a3fe&maximize=1&allbtn=0
114,140408,國立成功商水,公立,[14]臺東縣,[961]臺東縣成功鎮太平路52號,(089)850011,https://www.ckvs.ttct.edu.tw/,https://www.ckvs.ttct.edu.tw/ischool/widget/site_news/main2.php?uid=WID_22_2_36e5ff5f3ab24e945edd65fef4bd7ba74e803441&maximize=1&allbtn=0
114,141301,臺東縣均一高中,私立,[14]臺東縣,[950]臺東縣臺東市中興路二段366巷36號,(089)223301,http://junyi.tw,https://junyi.tw/album
114,141307,私立育仁高中,私立,[14]臺東縣,[950]臺東縣臺東市中興路四段485號,(08)9382839,http://www.lotus.ttct.edu.tw,
114,141406,私立公東高工,私立,[14]臺東縣,[950]臺東縣臺東市中興路一段560號,(089)222877,https://www.ktus.ttct.edu.tw/,https://www.ktus.ttct.edu.tw/ischool/widget/site_news/main2.php?uid=WID_0_2_d4761824110a97d8122557b511c7282423139546&maximize=1&allbtn=0
114,144322,縣立蘭嶼高中,公立,[14]臺東縣,[952]臺東縣蘭嶼鄉椰油村37號,(089)732016,https://layjh.ttct.edu.tw,"https://layjh.ttct.edu.tw/p/406-1057-36522,r5.php?Lang=zh-tw"
114,150302,國立花蓮女中,公立,[15]花蓮縣,[970]花蓮縣花蓮市菁華街2號,(03)8321202,http://www.hlgs.hlc.edu.tw,https://www.hlgs.hlc.edu.tw/
114,150303,國立花蓮高中,公立,[15]花蓮縣,[970]花蓮縣花蓮市民權路42號,(03)8242236,https://www.hlhs.hlc.edu.tw/,https://www.hlhs.hlc.edu.tw/content?a=T0RESU1EZ3lPREV3TURFPTVrVE40a1ROeFExUWludGVseQ==&c=T0RESU16ZzRNakUyTnpBPTVrVE40a1ROeElrVGludGVseQ==
114,150309,國立玉里高中,公立,[15]花蓮縣,[981]花蓮縣玉里鎮中華路424號,(03)8886171,http://www.ylsh.hlc.edu.tw,
114,150401,國立花蓮高農,公立,[15]花蓮縣,[970]花蓮縣花蓮市建國路161號,(03)8312301,http://www.hla.hlc.edu.tw,https://www.hla.hlc.edu.tw/home
114,150404,國立花蓮高工,公立,[15]花蓮縣,[970]花蓮縣花蓮市府前路27號,(03)8226108,http://www.hlis.hlc.edu.tw,https://www.hlis.hlc.edu.tw/ischool/publish_page/121
114,150405,國立花蓮高商,公立,[15]花蓮縣,[970]花蓮縣花蓮市中山路418號,(03)8322532,http://www.hlbh.hlc.edu.tw,https://www.hlbh.hlc.edu.tw/ischool/widget/site_news/main2.php?uid=WID_0_2_c694e93d3af231a11fa81c97abdbe66869dedf4b&maximize=1&allbtn=0
114,150411,國立光復商工,公立,[15]花蓮縣,[976]花蓮縣光復鄉林森路100號,(03)8700245,http://www.kfcivs.hlc.edu.tw,https://www.kfcivs.hlc.edu.tw/
114,151306,私立海星高中,私立,[15]花蓮縣,[971]花蓮縣新城鄉嘉新村嘉新路36號,(03)8223116,http://www.smhs.hlc.edu.tw,
114,151307,私立四維高中,私立,[15]花蓮縣,[970]花蓮縣花蓮市中山路一段200號,(03)8561455,http://www.swsh.hlc.edu.tw,https://www.swsh.hlc.edu.tw/home?cid=318
114,151312,財團法人慈濟大學附中,私立,[15]花蓮縣,[970]花蓮縣花蓮市介仁街178號,(03)8572823,http://www.tcsh.hlc.edu.tw,https://www.tcsh.hlc.edu.tw/home?cid=1204
114,151410,花蓮縣上騰工商,私立,[15]花蓮縣,[973]花蓮縣吉安鄉吉安村吉興四街101號,(03)8538565,http://www.chvs.hlc.edu.tw,https://www.chvs.hlc.edu.tw/ischool
114,154301,花蓮縣立體育高中,公立,[15]花蓮縣,[970]花蓮縣花蓮市達固湖灣大路21號,(03)8462610,http://www.hpehs.hlc.edu.tw,https://www.hpehs.hlc.edu.tw/
114,154399,縣立南平中學,公立,[15]花蓮縣,[975]花蓮縣鳳林鎮八德路62號,(03)8772586,http://www.nphs.hlc.edu.tw,https://www.nphs.hlc.edu.tw/
114,160302,國立馬公高中,公立,[16]澎湖縣,[880]澎湖縣馬公市中華路369號,(06)9272342,https://www.mksh.phc.edu.tw/,https://www.mksh.phc.edu.tw/category/post-a/post-further-studies
114,160401,國立澎湖海事水產,公立,[16]澎湖縣,[880]澎湖縣馬公市中興里民族路63號,(06)9261101,http://www.phmhs.phc.edu.tw,https://www.phmhs.phc.edu.tw/Content/newslist.aspx?ntid=12
114,170301,國立基隆女中,公立,[17]基隆市,[201]基隆市信義區東信路324號,(02)24278274,http://www.klgsh.kl.edu.tw,https://www.klgsh.kl.edu.tw/
114,170302,國立基隆高中,公立,[17]基隆市,[205]基隆市暖暖區源遠路20號,(02)24582052,https://www.klsh.kl.edu.tw/,https://www.klsh.kl.edu.tw/news/
114,170403,國立海洋大學附屬基隆海事,公立,[17]基隆市,[202]基隆市中正區祥豐街246號,(02)24633655,http://www.klms.ntou.edu.tw/,https://www.klms.ntou.edu.tw/%E7%B4%B0%E8%AA%AA%E6%B5%B7%E4%BA%8B/%E6%9C%80%E6%96%B0%E5%85%AC%E5%91%8A
114,170404,國立基隆商工,公立,[17]基隆市,[206]基隆市七堵區東新街22號,(02)24567126,https://www.klcivs.kl.edu.tw/,https://www.klcivs.kl.edu.tw/home
114,171306,私立二信高中,私立,[17]基隆市,[202]基隆市中正區立德路243號,(02)24623131,https://www.essh.kl.edu.tw/,https://www.essh.kl.edu.tw/?p=4262
114,171308,輔大聖心高中,私立,[17]基隆市,[203]基隆市中山區西定路166號,(02)24282454,http://www.shsh.kl.edu.tw,https://www.shsh.kl.edu.tw/home
114,171405,私立光隆家商,私立,[17]基隆市,[201]基隆市信義區信二路264號,(02)24222237,http://www.klhcvs.kl.edu.tw,https://www.klhcvs.kl.edu.tw/ischool
114,171407,私立培德工家,私立,[17]基隆市,[201]基隆市信義區培德路73號,(02)24652121,http://www.ptvs.kl.edu.tw,
114,173304,市立中山高中,公立,[17]基隆市,[203]基隆市中山區文化路162號,(02)24248191,https://csjh.kl.edu.tw/,https://csjh.kl.edu.tw/zui-xin-gong-gao
114,173306,市立安樂高中,公立,[17]基隆市,[204]基隆市安樂區安一路360號,(02)24236600,https://aljh.kl.edu.tw/,https://aljh.kl.edu.tw/
114,173307,市立暖暖高中,公立,[17]基隆市,[205]基隆市暖暖區暖中路112號,(02)24575534,https://nnjh.kl.edu.tw/,https://nnjh.kl.edu.tw/近期公告
114,173314,市立八斗高中,公立,[17]基隆市,[202]基隆市中正區新豐街100號,(02)24692366,https://bdjh.kl.edu.tw/,https://bdjh.kl.edu.tw/
114,180301,國立竹科實驗高級中等學校,公立,[18]新竹市,[300]新竹市東區介壽路300號,(03)5777011,https://www.nehs.hc.edu.tw,https://www.nehs.hc.edu.tw/
114,180302,國立新竹女中,公立,[18]新竹市,[300]新竹市東區中華路二段270號,(03)5456611,http://www.hgsh.hc.edu.tw,https://www.hgsh.hc.edu.tw/ischool
114,180309,國立新竹高中,公立,[18]新竹市,[300]新竹市東區學府路36號,(03)5736666,http://www.hchs.hc.edu.tw,https://www.hchs.hc.edu.tw/home
114,180403,國立新竹高商,公立,[18]新竹市,[300]新竹市東區學府路128號,(03)5722150,http://www.hccvs.hc.edu.tw,https://www.hccvs.hc.edu.tw/home
114,180404,國立新竹高工,公立,[18]新竹市,[300]新竹市東區中華路二段2號,(03)5322175,https://www.hcvs.hc.edu.tw/,https://www.hcvs.hc.edu.tw/ischool/widget/site_news/main2.php?uid=WID_0_2_9cde0cbcd39f55a57cb0d83c8a664cfd68a38895&maximize=1&allbtn=0
114,181305,私立光復高中,私立,[18]新竹市,[300]新竹市東區光復路二段153號,(03)5753698,http://www.kfsh.hc.edu.tw,https://www.kfsh.hc.edu.tw/article/695
114,181306,私立曙光女中,私立,[18]新竹市,[300]新竹市東區北大路61號,(03)5325709,http://www.sggs.hc.edu.tw,https://www.sggs.hc.edu.tw/
114,181307,私立磐石高中,私立,[18]新竹市,[300]新竹市北區西大路683號,(03)5223946,http://www.sphs.hc.edu.tw,https://www.sphs.hc.edu.tw/ischool/widget/site_news/main2.php?uid=WID_454_2_c4211da804897ea3ab96b27925bf6be3a504343f&maximize=1&allbtn=0
114,181308,私立世界高中,私立,[18]新竹市,[300]新竹市東區光復路一段257號,(03)5783271,http://www.wvs.hc.edu.tw,https://www.wvs.hc.edu.tw/ischool/publish_page/7/?cid=866
114,183306,市立成德高中,公立,[18]新竹市,[300]新竹市北區崧嶺路128巷38號,(03)5258748,http://www.cdjh.hc.edu.tw,
114,183307,市立香山高中,公立,[18]新竹市,[300]新竹市香山區元培街124號,(03)5384332,http://www.hhjh.hc.edu.tw,
114,183313,市立建功高中,公立,[18]新竹市,[300]新竹市東區建功二路17號,(03)5745892,https://www.cksh.hc.edu.tw/,
114,183314,新竹市數位實驗高中,公立,[18]新竹市,[300]新竹市香山區延平路二段76號,(03)6211165,https://www.desh.hc.edu.tw,https://www.desh.hc.edu.tw/home?cid=41
114,190406,國立興大附農,公立,[19]臺中市,[401]臺中市東區台中路283號,(04)22810010,http://www.tcavs.tc.edu.tw,https://www.tcavs.tc.edu.tw/file.asp?prokid=20220423131419&proid=20220423142810
114,191301,私立東大附中,私立,[19]臺中市,[407]臺中市西屯區臺灣大道四段1727號,(04)23590269,https://www.hn.thu.edu.tw/index.php,https://www.hn.thu.edu.tw/index.php
114,191302,私立葳格高中,私立,[19]臺中市,[406]臺中市北屯區軍福十八路328號,(04)24371728,https://senior.wagor.tc.edu.tw/,https://senior.wagor.tc.edu.tw/aa/bulletin/25077
114,191305,臺中市新民高中,私立,[19]臺中市,[404]臺中市北區健行路111號,(04)22334105,https://www.shinmin.tc.edu.tw/ischool/publish_page/0/,https://www.shinmin.tc.edu.tw/p/412-1000-366.php
114,191308,私立宜寧高中,私立,[19]臺中市,[407]臺中市西屯區東大路一段555號,(04)24621800,http://www.inhs.tc.edu.tw,https://www.inhs.tc.edu.tw/home
114,191309,私立明德高中,私立,[19]臺中市,[402]臺中市南區明德街84號,(04)22877676,http://www.mdhs.tc.edu.tw,https://www.mdhs.tc.edu.tw/a1_1.asp
114,191311,私立衛道高中,私立,[19]臺中市,[406]臺中市北屯區四平路161號,(04)22911187,http://www.vtsh.tc.edu.tw,https://www.vtsh.tc.edu.tw/
114,191313,私立曉明女中,私立,[19]臺中市,[404]臺中市北區中清路一段606號,(04)22921175,http://www.smgsh.tc.edu.tw,https://www.smgsh.tc.edu.tw/v6
114,191314,私立嶺東高中,私立,[19]臺中市,[408]臺中市南屯區嶺東路2號,(04)23898940,https://www.lths.tc.edu.tw/home,https://www.lths.tc.edu.tw/ischool/widget/site_news/main2.php?uid=WID_0_2_e7226114a0083ffc6374db7e16e9438d122c83a4&maximize=1&allbtn=0
114,191315,私立磊川華德福實驗教育學校,私立,[19]臺中市,[406]臺中市北屯區松竹五路二段233號,(04)24350110,https://leichuandesign.wixsite.com/mysite,https://leichuandesign.wixsite.com/mysite/ab7
114,191412,財團法人光華高工,私立,[19]臺中市,[411]臺中市太平區東平路18號,(04)23949009,http://www.khvs.tc.edu.tw,https://www.khvs.tc.edu.tw/category/%e5%aa%92%e9%ab%94%e5%a0%b1%e5%b0%8e/
114,193301,市立臺中女中,公立,[19]臺中市,[403]臺中市西區自由路一段95號,(04)22205108,https://tcgs.tc.edu.tw/,https://itcgs.tcgs.tc.edu.tw/tcgs
114,193302,市立臺中一中,公立,[19]臺中市,[404]臺中市北區育才街2號,(04)22226081,https://tcfsh.tc.edu.tw/,https://tcfsh.tc.edu.tw/
114,193303,市立忠明高中,公立,[19]臺中市,[403]臺中市西區博館路166號,(04)23224690,https://cmsh.tc.edu.tw/,https://cmsh.tc.edu.tw/p/412-1065-16388.php
114,193313,市立西苑高中,公立,[19]臺中市,[407]臺中市西屯區西苑路268號,(04)27016473,https://sysh.tc.edu.tw/,https://sysh.tc.edu.tw/p/404-1064-77507.php?Lang=zh-tw
114,193315,市立東山高中,公立,[19]臺中市,[406]臺中市北屯區景賢六路200號,(04)24360166,https://tsjh.tc.edu.tw/,https://tsjh.tc.edu.tw/
114,193316,市立惠文高中,公立,[19]臺中市,[408]臺中市南屯區公益路二段298號,(04)22503928,https://hwsh.tc.edu.tw/,https://hwsh.tc.edu.tw/
114,193404,市立臺中家商,公立,[19]臺中市,[401]臺中市東區和平街50號,(04)22223307,https://tchcvs.tc.edu.tw/,https://tchcvs.tc.edu.tw/p/412-1087-15361.php
114,193407,市立臺中高工,公立,[19]臺中市,[402]臺中市南區高工路191號,(04)22613158,https://tcivs.tc.edu.tw/,https://tcivs.tc.edu.tw/p/412-1081-9796.php
114,194303,市立臺中二中,公立,[19]臺中市,[404]臺中市北區英士路109號,(04)22021521,https://tcssh.tc.edu.tw/,
114,194315,市立文華高中,公立,[19]臺中市,[407]臺中市西屯區寧夏路240號,(04)23124000,https://whsh.tc.edu.tw/,"https://whsh.tc.edu.tw/p/406-1078-514281,r3105.php"
114,200302,國立嘉義女中,公立,[20]嘉義市,[600]嘉義市西區垂楊路243號,(05)2254603,http://www.cygsh.cy.edu.tw,https://www.cygsh.cy.edu.tw/p/403-1013-786-1.php
114,200303,國立嘉義高中,公立,[20]嘉義市,[600]嘉義市東區大雅路二段738號,(05)2762804,https://www.cysh.cy.edu.tw/,https://www.cysh.cy.edu.tw/p/403-1008-17-1.php
114,200401,國立華南高商,公立,[20]嘉義市,[600]嘉義市東區光彩街69號,(05)2787140,https://www.hnvs.cy.edu.tw/,"https://www.hnvs.cy.edu.tw/latestevent/index.asp?Parser=9,3,15"
114,200405,國立嘉義高工,公立,[20]嘉義市,[600]嘉義市東區彌陀路174號,(05)2763060,http://www.cyivs.cy.edu.tw,https://www.cyivs.cy.edu.tw/category/scholarships/
114,200406,國立嘉義高商,公立,[20]嘉義市,[600]嘉義市東區中山路7號,(05)2782421,http://www.cyvs.cy.edu.tw,https://www.cyvs.cy.edu.tw/ischool/widget/site_news/main2.php?uid=WID_0_2_92a523559950d46a84ac8463f81104e9ba0352c2&maximize=1&allbtn=0
114,200407,國立嘉義家職,公立,[20]嘉義市,[600]嘉義市東區體育路7號,(05)2259640,https://www.cyhvs.cy.edu.tw/home,https://www.cyhvs.cy.edu.tw/ischool/widget/site_news/main2.php?uid=WID_0_2_204c4ac60298efc8d1a8832e3179debb64642857&maximize=1&allbtn=0
114,201304,私立興華高中,私立,[20]嘉義市,[600]嘉義市東區林森東路239號,(05)2764317,https://www.hhsh.cy.edu.tw/,https://www.hhsh.cy.edu.tw/
114,201310,私立嘉華高中,私立,[20]嘉義市,[600]嘉義市東區民權東路45號,(05)2761716,http://www.chsh.cy.edu.tw,https://www.chsh.cy.edu.tw/index.php/9-uncategorised/459-103
114,201312,私立輔仁高中,私立,[20]嘉義市,[600]嘉義市東區吳鳳南路270號,(05)2281001,https://rpage.fjsh.cy.edu.tw/,https://rpage.fjsh.cy.edu.tw/p/412-1000-495.php?Lang=zh-tw
114,201313,私立宏仁高中,私立,[20]嘉義市,[600]嘉義市東區忠孝路667號,(05)2322802,https://www.hjgs.cy.edu.tw/,https://www.hjgs.cy.edu.tw/
114,201314,私立立仁高中,私立,[20]嘉義市,[600]嘉義市東區立仁路235號,(05)2226420,https://www.ligvs.cy.edu.tw/,https://www.ligvs.cy.edu.tw/home
114,201408,私立東吳工家,私立,[20]嘉義市,[600]嘉義市東區宣信街252號,(05)2246161,http://www.dwvs.cy.edu.tw,https://www.dwvs.cy.edu.tw/dwvs/
114,210303,國立臺南二中,公立,[21]臺南市,[704]臺南市北區北門路二段125號,(06)2514526,https://www.tnssh.tn.edu.tw/,https://www.tnssh.tn.edu.tw/
114,210305,國立臺南一中,公立,[21]臺南市,[701]臺南市東區民族路一段1號,(06)2371206,http://www.tnfsh.tn.edu.tw,"https://www.tnfsh.tn.edu.tw/latestevent/Index.aspx?Parser=9,3,17"
114,210306,國立臺南女中,公立,[21]臺南市,[700]臺南市中西區大埔街97號,(06)2131928,http://www.tngs.tn.edu.tw,https://www.tngs.tn.edu.tw/department/lib/paper/
114,210309,國立家齊高中,公立,[21]臺南市,[700]臺南市中西區健康路一段342號,(06)2133265,https://www.ccsh.tn.edu.tw/,https://www.ccsh.tn.edu.tw/events.aspx
114,210408,國立臺南高商,公立,[21]臺南市,[702]臺南市南區健康路一段327號,(06)2617123,https://www.tncvs.tn.edu.tw/,"https://www.tncvs.tn.edu.tw/latestevent/index.asp?Parser=9,3,19"
114,210416,國立臺南海事,公立,[21]臺南市,[708]臺南市安平區世平路1號,(06)3910772,https://www.tnvs.tn.edu.tw/,https://www.tnvs.tn.edu.tw/
114,211301,私立長榮高中,私立,[21]臺南市,[701]臺南市東區林森路二段79號,(06)2381711,http://www.cjshs.tn.edu.tw,https://www.cjshs.tn.edu.tw/p/403-1000-26-1.php?Lang=zh-tw
114,211302,私立長榮女中,私立,[21]臺南市,[701]臺南市東區長榮路二段135號,(06)2740381,http://www.ckgsh.tn.edu.tw,https://www.ckgsh.tn.edu.tw/p/412-1000-211.php?Lang=zh-tw
114,211304,財團法人聖功女中,私立,[21]臺南市,[704]臺南市北區北園街87巷64號,(06)2740126,https://www.skgsh.tn.edu.tw/Platform/Index,https://www.skgsh.tn.edu.tw/Platform/Index
114,211310,臺南市光華高中,私立,[21]臺南市,[701]臺南市東區勝利路41號,(06)2386501,http://www.khgs.tn.edu.tw,
114,211314,私立六信高中,私立,[21]臺南市,[702]臺南市南區新都路20號,(06)2619885,http://www.lhvs.tn.edu.tw,https://www.lhvs.tn.edu.tw/
114,211315,私立瀛海高中,私立,[21]臺南市,[709]臺南市安南區長溪路一段76號,(06)2568582,http://www.yhsh.tn.edu.tw,https://www.yhsh.tn.edu.tw/
114,211317,臺南市崑山高中,私立,[21]臺南市,[704]臺南市北區開元路444號,(06)2364408,https://www.ksis.tn.edu.tw/,https://www.ksis.tn.edu.tw/p/403-1000-28-1.php?Lang=zh-tw
114,211318,私立德光高中,私立,[21]臺南市,[701]臺南市東區德光街106號,(06)2894560,http://www.tkgsh.tn.edu.tw,
114,211320,財團法人慈濟高中,私立,[21]臺南市,[708]臺南市安平區建平五街111號,(06)2932323,https://www.tcsh.tn.edu.tw/,
114,211407,私立南英商工,私立,[21]臺南市,[700]臺南市中西區永福路一段149號,(06)2132222,http://www.nyvs.tn.edu.tw,https://www.nyvs.tn.edu.tw/
114,211412,私立亞洲餐旅,私立,[21]臺南市,[702]臺南市南區大成路一段5號,(06)2640175,http://www.asvs.tn.edu.tw,
114,211419,私立慈幼工商,私立,[21]臺南市,[701]臺南市東區裕農路801號,(06)2362106,http://www.ssvs.tn.edu.tw,https://www.ssvs.tn.edu.tw/p/412-1000-116.php
114,213303,市立南寧高中,公立,[21]臺南市,[702]臺南市南區萬年路167號,(06)2622458,http://www.nnjh.tn.edu.tw,https://www.nnjh.tn.edu.tw/
114,213316,市立土城高中,公立,[21]臺南市,[709]臺南市安南區安中路五段265號,(06)2577014,http://www.tcjh.tn.edu.tw,https://www.tcjh.tn.edu.tw/
114,311401,私立育達高中,私立,[31]臺北市,[105]臺北市松山區美仁里寧安街12號,(02)25706767,http://www.yudah.tp.edu.tw,https://www.yudah.tp.edu.tw/
114,313301,市立西松高中,公立,[31]臺北市,[105]臺北市松山區鵬程里健康路325巷7號,(02)25286618,http://www.hssh.tp.edu.tw,https://www.hssh.tp.edu.tw/p/403-1000-162.php
114,313302,市立中崙高中,公立,[31]臺北市,[105]臺北市松山區吉祥里八德路四段101號,(02)27535316,http://www.zlsh.tp.edu.tw/,https://www.zlsh.tp.edu.tw/category/news/news_01/
114,321399,私立協和祐德高中,私立,[32]臺北市,[110]臺北市信義區大道里忠孝東路五段790巷27號,(02)27263131,https://www.hhvs.tp.edu.tw/,https://www.hhvs.tp.edu.tw/home
114,323301,市立松山高中,公立,[32]臺北市,[110]臺北市信義區新仁里基隆路一段156號,(02)27535968,http://www.sssh.tp.edu.tw,
114,323302,市立永春高中,公立,[32]臺北市,[110]臺北市信義區松隆里松山路654號,(02)27272983,http://www.ycsh.tp.edu.tw,
114,323401,市立松山家商,公立,[32]臺北市,[110]臺北市信義區松隆里松山路655號,(02)27261118,http://www.ssvs.tp.edu.tw,https://www.ssvs.tp.edu.tw/content?a=T0RESU5qZzRORFkxTURRPTJFak01VXpOeFExUWludGVseQ==&c=T0RESU1qZzFNamN5TXpRPXdNVE0yWXpOeElrVGludGVseQ==
114,323402,市立松山工農,公立,[32]臺北市,[110]臺北市信義區廣居里忠孝東路五段236巷15號,(02)27226616,http://www.saihs.edu.tw,
114,330301,國立師大附中,公立,[33]臺北市,[106]臺北市大安區和安里信義路三段143號,(02)27075215,https://www.hs.ntnu.edu.tw/,https://www.hs.ntnu.edu.tw/content?a=T0RESU5qa3pNVEEwT1RNPTBRRE80TWpOeFExUWludGVseQ==&c=T0RESU1EVTNOakl5TXpjPXdBek55SWpOeElrVGludGVseQ==
114,331301,私立延平中學,私立,[33]臺北市,[106]臺北市大安區和安里建國南路1段275號,(02)27071478,http://www.yphs.tp.edu.tw,https://www.yphs.tp.edu.tw/
114,331302,私立金甌女中,私立,[33]臺北市,[106]臺北市大安區光明里杭州南路2段1號,(02)23214765,http://www.cogsh.tp.edu.tw,https://www.cogsh.tp.edu.tw/ischool/widget/site_news/main2.php?uid=WID_42_2_d79fab2ffffa595a8d9d166138de21822d1ebed5&maximize=1&allbtn=0
114,331304,私立復興實驗高中,私立,[33]臺北市,[106]臺北市大安區仁愛里敦化南路一段262號,(02)27715859,https://www.fhjh.tp.edu.tw/,https://www.fhjh.tp.edu.tw/
114,331402,私立東方工商,私立,[33]臺北市,[106]臺北市大安區義安里信義路四段186巷8號,(02)27554616,http://www.tfvs.tp.edu.tw,https://www.tfvs.tp.edu.tw/news.php
114,331403,私立喬治工商,私立,[33]臺北市,[110]臺北市信義區黎順里基隆路二段155號,(02)27386515,https://www.gvs.tp.edu.tw/,https://www.gvs.tp.edu.tw/
114,331404,私立開平餐飲,私立,[33]臺北市,[106]臺北市大安區龍陣里復興南路二段148巷24號,(02)27556939,http://www.kpvs.tp.edu.tw,https://www.kpvs.tp.edu.tw/
114,333301,市立和平高中,公立,[33]臺北市,[106]臺北市大安區芳和里臥龍街100號,(02)27324300,http://www.hpsh.tp.edu.tw,
114,333304,市立芳和實中,公立,[33]臺北市,[106]臺北市大安區芳和里臥龍街170號,(02)27321961,https://www.fhehs.tp.edu.tw/,https://www.fhehs.tp.edu.tw/
114,333401,市立大安高工,公立,[33]臺北市,[106]臺北市大安區龍圖里復興南路2段52號,(02)27091630,http://www.taivs.tp.edu.tw,https://www.taivs.tp.edu.tw/
114,341302,私立大同高中,私立,[34]臺北市,[104]臺北市中山區集英里中山北路三段40號,(02)25858785,http://www.tsh.ttu.edu.tw,https://www2.tsh.tp.edu.tw/ischool/widget/site_news/main2.php?uid=WID_0_2_a30013f2e3ba4f720b899eada797504d9c32a0b1&maximize=1&allbtn=0
114,341402,私立稻江護家,私立,[34]臺北市,[104]臺北市中山區新庄里新生北路三段55號,(02)25955161,http://www.tcnvs.tp.edu.tw,https://www.tcnvs.tp.edu.tw/
114,343301,市立中山女中,公立,[34]臺北市,[104]臺北市中山區力行里長安東路2段141號,(02)25073148,http://www.csghs.tp.edu.tw,https://www.csghs.tp.edu.tw/
114,343302,市立大同高中,公立,[34]臺北市,[104]臺北市中山區中央里長春路167號,(02)25054269,http://www.ttsh.tp.edu.tw,https://www.ttsh.tp.edu.tw/category/news/news_01/
114,343303,市立大直高中,公立,[34]臺北市,[104]臺北市中山區劍潭里北安路420號,(02)25334017,http://www.dcsh.tp.edu.tw,https://www.dcsh.tp.edu.tw/
114,351301,臺北市新民高中,私立,[35]臺北市,[100]臺北市中正區板溪里汀州路二段143號,(02)23656574,https://xmhs.tp.edu.tw/,
114,351402,臺北市開南高中,私立,[35]臺北市,[100]臺北市中正區東門里濟南路一段6號,(02)23212666,https://www.knvs.tp.edu.tw/,https://www.knvs.tp.edu.tw/%e5%aa%92%e9%ab%94%e5%a0%b1%e5%b0%8e
114,353301,市立建國中學,公立,[35]臺北市,[100]臺北市中正區龍光里南海路56號,(02)23034381,http://www.ck.tp.edu.tw,
114,353302,市立成功中學,公立,[35]臺北市,[100]臺北市中正區幸福里濟南路1段71號,(02)23216256,http://www.cksh.tp.edu.tw,https://www.cksh.tp.edu.tw/#news_9
114,353303,市立北一女中,公立,[35]臺北市,[100]臺北市中正區建國里重慶南路1段165號,(02)23820484,http://www.fg.tp.edu.tw,https://www.fg.tp.edu.tw/
114,361301,私立靜修高中,私立,[36]臺北市,[103]臺北市大同區雙連里寧夏路59號,(02)25574345,http://www.bish.tp.edu.tw,https://www.bish.tp.edu.tw/
114,361401,私立稻江高商,私立,[36]臺北市,[103]臺北市大同區隆和里民權西路225巷24號,(02)25912001,http://www.tkcvs.tp.edu.tw,https://www.tkcvs.tp.edu.tw/
114,363301,市立明倫高中,公立,[36]臺北市,[103]臺北市大同區重慶里承德路三段336號,(02)25961567,https://www.mlsh.tp.edu.tw/nss/p/index,
114,363302,市立成淵高中,公立,[36]臺北市,[103]臺北市大同區民權里承德路二段235號,(02)25531969,http://www.cyhs.tp.edu.tw,
114,373301,市立華江高中,公立,[37]臺北市,[108]臺北市萬華區日善里西藏路213號,(02)23019946,http://www.hcsh.tp.edu.tw,https://www.hcsh.tp.edu.tw/content?a=T0RESU1EVTNORFF5T0RBPXlJVE4zSWpOeFExUWludGVseQ==&c=T0RESU16RXlNREF3TWpBPTVFak53Y1ROeElrVGludGVseQ==
114,373302,市立大理高中,公立,[37]臺北市,[108]臺北市萬華區綠堤里長順街2號,(02)23026959,http://newweb.tlsh.tp.edu.tw/,
114,380301,國立政大附中,公立,[38]臺北市,[116]臺北市文山區政大里政大一街353號,(02)82377500,https://www.ahs.nccu.edu.tw/home,https://www.ahs.nccu.edu.tw/home
114,381301,私立東山高中,私立,[38]臺北市,[116]臺北市文山區老泉里老泉街26巷3號,(02)29395826,http://www.tshs.tp.edu.tw,https://www.tshs.tp.edu.tw/
114,381302,私立滬江高中,私立,[38]臺北市,[116]臺北市文山區景美里羅斯福路六段336號,(02)86631122,https://www.hchs.tp.edu.tw/,https://www.hchs.tp.edu.tw/ann/
114,381303,私立大誠高中,私立,[38]臺北市,[116]臺北市文山區萬興里秀明路二段175號,(02)22348989,https://www.tcsh.tp.edu.tw/,https://www.tcsh.tp.edu.tw/
114,381304,私立再興中學,私立,[38]臺北市,[116]臺北市文山區明義里興隆路4段2號,(02)29366803,http://www.thsh.tp.edu.tw,
114,381305,私立景文高中,私立,[38]臺北市,[116]臺北市文山區木新里保儀路127號,(02)29390310,https://www.jwsh.tp.edu.tw/tc/index.aspx,https://www.jwsh.tp.edu.tw/最新消息/?tab=處室公告
114,381306,私立靜心高中,私立,[38]臺北市,[116]臺北市文山區興福里興隆路二段46號,(02)29323118,http://www.chjhs.tp.edu.tw/dispPageBox/MainHp.aspx?ddsPageID=MAINHP,https://www.chjhs.tp.edu.tw/dispPageBox/trans.aspx?ddsPageID=MAINAWARD
114,383301,市立景美女中,公立,[38]臺北市,[116]臺北市文山區樟文里木新路三段312號,(02)29368847,http://www.cmgsh.tp.edu.tw,
114,383302,市立萬芳高中,公立,[38]臺北市,[116]臺北市文山區興光里興隆路三段115巷1號,(02)22309585,http://www.wfsh.tp.edu.tw,
114,383303,臺北市數位實驗高中,公立,[38]臺北市,[116]臺北市文山區試院路2號,(02)23717001,https://tschool.tp.edu.tw,
114,383401,市立木柵高工,公立,[38]臺北市,[116]臺北市文山區博嘉里木柵路四段77號,(02)22300506,http://www.mcvs.tp.edu.tw,https://www.mcvs.tp.edu.tw/rssfeeds?a=T0RESTAzNDQyMzAzNzIzODI2MVRDaW50ZWx5&b=T0RESTYyaW50ZWx5&c=T0RESU56VXlNRFEyTkRjPTVJRE80SWpOeElrVGludGVseQ==
114,393301,市立南港高中,公立,[39]臺北市,[115]臺北市南港區西新里向陽路21號,(02)27837863,http://www.nksh.tp.edu.tw,https://w3.nksh.tp.edu.tw/p/412-1000-221.php
114,393302,市立育成高中,公立,[39]臺北市,[115]臺北市南港區南港里重陽路366號,(02)26530475,http://mars.yucsh.tp.edu.tw/ischool/publish_page/0/,https://mars.yucsh.tp.edu.tw/ischool/widget/site_news/main2.php?uid=WID_0_2_4156d6f9e6b4050edebb5229a479ef67aceb848c&maximize=1&allbtn=0
114,393401,市立南港高工,公立,[39]臺北市,[115]臺北市南港區南港里興中路29號,(02)27825432,http://www.nkhs.tp.edu.tw,https://www.nkhs.tp.edu.tw/ischool/widget/site_news/main2.php?uid=WID_215_2_76fc351a17d5d574fd280c921bca39b3e9a72696&maximize=1&allbtn=0
114,401303,私立達人高中,私立,[40]臺北市,[114]臺北市內湖區湖濱里內湖路二段314號,(02)27956899,https://www1.trgsh.tp.edu.tw/,https://www1.trgsh.tp.edu.tw/rssfeeds?a=T0RESTc3Nzc5NDU1MDAzNzk1MVRDaW50ZWx5&b=T0RESTYyaW50ZWx5&c=T0RESU1UWTNPRFl3T1RZPTVVak14QWpOeElrVGludGVseQ==
114,403301,市立內湖高中,公立,[40]臺北市,[114]臺北市內湖區紫陽里文德路218號,(02)27977035,http://www.nhsh.tp.edu.tw,https://www.nhsh.tp.edu.tw/content?a=T0RESU5qUTJNVEV5TVRVPTVVak0zRWpOeFExUWludGVseQ==&c=T0RESU56WTNOVGc1TkRnPTRnVE0zRWpOeElrVGludGVseQ==
114,403302,市立麗山高中,公立,[40]臺北市,[114]臺北市內湖區港華里環山路二段100號,(02)26570435,http://www.lssh.tp.edu.tw,https://www.lssh.tp.edu.tw/
114,403303,市立南湖高中,公立,[40]臺北市,[114]臺北市內湖區南湖里康寧路三段220號,(02)26308889,http://www.nhush.tp.edu.tw,https://www.nhush.tp.edu.tw/
114,403401,市立內湖高工,公立,[40]臺北市,[114]臺北市內湖區港墘里內湖路1段520號,(02)26574874,http://www.nihs.tp.edu.tw,
114,411301,私立泰北高中,私立,[41]臺北市,[111]臺北市士林區福林里福林路240號,(02)28825560,http://www.tpsh.tp.edu.tw,https://www.tpsh.tp.edu.tw/
114,411302,私立衛理女中,私立,[41]臺北市,[111]臺北市士林區臨溪里至善路二段321號,(02)28411487,http://www.wlgsh.tp.edu.tw,
114,411303,私立華興中學,私立,[41]臺北市,[111]臺北市士林區芝山里仰德大道1段101號,(02)28316834,http://www.hhhs.tp.edu.tw,
114,411401,私立華岡藝校,私立,[41]臺北市,[111]臺北市士林區陽明里建業路73巷8號,(02)28612354,http://www.hka.edu.tw,https://www.hka.edu.tw/
114,413301,市立陽明高中,公立,[41]臺北市,[111]臺北市士林區後港里中正路510號,(02)28316675,http://www.ymsh.tp.edu.tw,https://www.ymsh.tp.edu.tw/category/news/news6/
114,413302,市立百齡高中,公立,[41]臺北市,[111]臺北市士林區義信里承德路4段177號,(02)28831568,http://www.blsh.tp.edu.tw,
114,413401,市立士林高商,公立,[41]臺北市,[111]臺北市士林區後港里士商路150號,(02)28313114,http://www.slhs.tp.edu.tw,https://www3.slhs.tp.edu.tw/board/board.asp
114,421301,私立薇閣高中,私立,[42]臺北市,[112]臺北市北投區中心里珠海路50號,(02)28925332,https://web.wghs.tp.edu.tw/nss/p/index,
114,421302,臺北市幼華高中,私立,[42]臺北市,[112]臺北市北投區大同里北投路二段55號,(02)28921166,https://rpage1.yh.tp.edu.tw/,
114,421303,私立奎山實驗高級中學,私立,[42]臺北市,[112]臺北市北投區榮華里明德路200號,(02)28212009,https://www.kshs.tp.edu.tw/,
114,421404,私立惇敍工商,私立,[42]臺北市,[112]臺北市北投區泉源里泉源路221號,(02)28912630,https://sites.google.com/mail.thvs.tp.edu.tw/thvs/%E9%A6%96%E9%A0%81,
114,423301,市立復興高中,公立,[42]臺北市,[112]臺北市北投區開明里復興四路70號,(02)28914131,http://www.fhsh.tp.edu.tw,https://www.fhsh.tp.edu.tw/
114,423302,市立中正高中,公立,[42]臺北市,[112]臺北市北投區建民里文林北路77號,(02)28234811,https://www.ccsh.tp.edu.tw/,https://www.ccsh.tp.edu.tw/
114,521301,天主教明誠高中,私立,[52]高雄市,[804]高雄市鼓山區中華一路97號,(07)5521593,https://www.mcsh.kh.edu.tw/,https://www.mcsh.kh.edu.tw/
114,521303,私立大榮高中,私立,[52]高雄市,[804]高雄市鼓山區大榮街1號,(07)5613281,https://www.dystcs.kh.edu.tw/,https://www.dystcs.kh.edu.tw/
114,521401,私立中華藝校,私立,[52]高雄市,[804]高雄市鼓山區美術館路89號,(07)5549696,https://www.charts.kh.edu.tw/,
114,523301,市立鼓山高中,公立,[52]高雄市,[804]高雄市鼓山區明德路2號,(07)5213258,http://www.kusjh.kh.edu.tw,https://www.kusjh.kh.edu.tw/
114,533301,市立左營高中,公立,[53]高雄市,[813]高雄市左營區海功路55號,(07)5822010,https://www.tyhs.kh.edu.tw/,https://www.tyhs.kh.edu.tw/notice
114,533302,市立新莊高中,公立,[53]高雄市,[813]高雄市左營區文慈路99號,(07)3420103,https://www.hchs.kh.edu.tw/,https://www.hchs.kh.edu.tw/category/news/news_02/
114,533401,市立海青工商,公立,[53]高雄市,[813]高雄市左營區左營大路1號,(07)5819155,http://www.hcvs.kh.edu.tw,
114,533402,市立三民家商,公立,[53]高雄市,[813]高雄市左營區裕誠路1102號,(07)5525887,http://www.smvhs.kh.edu.tw,https://www.smvhs.kh.edu.tw/p/412-1000-110.php?Lang=zh-tw
114,540301,國立中山大學附屬國光高中,公立,[54]高雄市,[811]高雄市楠梓區後昌路512號,(07)3603600,https://kksh.nsysu.edu.tw/,https://kksh.nsysu.edu.tw/p/403-1047-4228.php?Lang=zh-tw
114,543301,市立中山高中,公立,[54]高雄市,[811]高雄市楠梓區藍昌路416號,(07)3641116,http://www.cshs.kh.edu.tw,
114,543302,市立楠梓高中,公立,[54]高雄市,[811]高雄市楠梓區清豐路19號,(07)3550571,http://www.nths.kh.edu.tw,https://www.nths.kh.edu.tw/webboard/Board
114,551301,私立立志高中,私立,[55]高雄市,[807]高雄市三民區大昌一路98號,(07)3922601,https://w5.lcvs.kh.edu.tw/,https://w5.lcvs.kh.edu.tw/
114,551402,私立樹德家商,私立,[55]高雄市,[807]高雄市三民區建興路116號,(07)3848622,http://www.shute.kh.edu.tw,http://www9.shute.kh.edu.tw/shute/script1/spostnumb.asp
114,553301,市立高雄中學,公立,[55]高雄市,[807]高雄市三民區建國三路50號,(07)2862550,https://www.kshs.kh.edu.tw/,"https://www.kshs.kh.edu.tw/latestevent/Index?Parser=9,3,40"
114,553302,市立三民高中,公立,[55]高雄市,[807]高雄市三民區金鼎路81號,(07)3475181,http://www.smhs.kh.edu.tw,https://www.smhs.kh.edu.tw/p/412-1000-198.php
114,553401,市立高雄高工,公立,[55]高雄市,[807]高雄市三民區建工路419號,(07)3815366,http://www.ksvs.kh.edu.tw,
114,563301,市立新興高中,公立,[56]高雄市,[800]高雄市新興區五福二路218號,(07)2727127,https://www.hhhs.kh.edu.tw/,https://www.hhhs.kh.edu.tw/
114,563401,市立高雄高商,公立,[56]高雄市,[800]高雄市新興區五福二路3號,(07)2269975,https://www.ksvcs.kh.edu.tw/,https://www.ksvcs.kh.edu.tw/ksvcs/?/article/cat-11/index.html
114,573301,市立高雄女中,公立,[57]高雄市,[801]高雄市前金區五福三路122號,(07)2115418,http://www.kghs.kh.edu.tw,https://www.kghs.kh.edu.tw/home?cid=3635
114,580301,國立高師大附中,公立,[58]高雄市,[802]高雄市苓雅區凱旋二路89號,(07)7613875,http://www.nknush.kh.edu.tw,https://www.nknush.kh.edu.tw/category/announcement/exams-news/
114,581301,私立復華高中,私立,[58]高雄市,[802]高雄市苓雅區民權一路42號,(07)3344168,http://www.fhhs.kh.edu.tw,https://www.fhhs.kh.edu.tw/
114,581302,天主教道明中學,私立,[58]高雄市,[802]高雄市苓雅區建國一路354號,(07)2240711,http://www.dmhs.kh.edu.tw,
114,581402,私立三信家商,私立,[58]高雄市,[802]高雄市苓雅區三多一路186號,(07)7517171,http://www.sanhsin.edu.tw,
114,583301,市立中正高中,公立,[58]高雄市,[802]高雄市苓雅區中正一路8號,(07)7491992,http://www.cchs.kh.edu.tw,https://www.cchs.kh.edu.tw/ischool/widget/site_news/main2.php?uid=WID_0_2_d858f68d210b3976cc6ba11477c1b6e273c98d3a&maximize=1&allbtn=0
114,593301,市立前鎮高中,公立,[59]高雄市,[806]高雄市前鎮區鎮中路132號,(07)8226841,http://www.cjhs.kh.edu.tw,
114,593302,市立瑞祥高中,公立,[59]高雄市,[806]高雄市前鎮區班超路63號,(07)8152271,http://www.rssh.kh.edu.tw,
114,593401,市立中正高工,公立,[59]高雄市,[806]高雄市前鎮區光華二路80號,(07)7232301,http://www.ccvs.kh.edu.tw,https://www.ccvs.kh.edu.tw/p/412-1000-1051.php
114,610405,國立高餐大附屬餐旅中學,公立,[61]高雄市,[812]高雄市小港區松和路40號,(07)8060705,https://nkhhs.kmhjh.kh.edu.tw/,
114,613301,市立小港高中,公立,[61]高雄市,[812]高雄市小港區學府路117號,(07)8062627,https://www.hkhs.kh.edu.tw/,https://www.hkhs.kh.edu.tw/ischool/widget/site_news/main2.php?uid=WID_0_2_af4e0ca367a323f3d7a9e7565a1d94353a11749d&maximize=1&allbtn=0
114,710301,國立金門高中,公立,[71]金門縣,[893]金門縣金城鎮光前路94號,(082)326582,http://www.kmsh.km.edu.tw,https://www.kmsh.km.edu.tw/ischool/widget/site_news/main2.php?uid=WID_0_2_23dfdcb0e8b3e4639dd5906b67e0401ee45177a2&maximize=1&allbtn=0
114,710401,國立金門農工,公立,[71]金門縣,[891]金門縣金湖鎮新市里復興路1之11號,(082)333508,http://www.kmvs.km.edu.tw,https://www.kmvs.km.edu.tw/home
114,720301,國立馬祖高中,公立,[72]連江縣,[209]連江縣南竿鄉介壽村374號,(0836)25668,http://www.mssh.matsu.edu.tw,https://www.mssh.matsu.edu.tw/p/412-1014-2328.php?Lang=zh-tw
114,011C71,私立光華高商進修學校,私立,[01]新北市,[220]新北市板橋區南雅南路二段1號,(02)89522255,http://www.khvs.ntpc.edu.tw,
114,351B09,私立南華高中進修學校,私立,[35]臺北市,[100]臺北市中正區富水里汀州路3段58號,(02)23686818,http://www.nhwsh.tp.edu.tw,https://www.nhwsh.tp.edu.tw/indexMain.php
114,361B09,私立志仁中學進修學校,私立,[36]臺北市,[103]臺北市大同區建泰里南京西路64巷17號,(02)25551656,http://www.cjvs.tp.edu.tw,
